Localização,Inventário,Denominação do Imobilizado,Item Consumível Similar,Percentagem de Similaridade (%),Data Incorporação,Justificativa de Reprova
1.01 BRÁS,1234339,DESFIBRILADOR EXT. AUTOMÁTICO C/FEEDBACK,PÁS P/DESFIBRILADOR AUTOMÁTICO ADULTO,43.9%,2020-03-26 00:00:00,AVALIAR: Similaridade moderada (43.9%) com consumível 'PÁS P/DESFIBRILADOR AUTOMÁTICO ADULTO...'. Possível reclassificação.
1.01 BRÁS,793472,DESFIBRILADOR EXTERNO AUTOMÁTICO ZOLL,PÁS P/DESFIBRILADOR AUTOMÁTICO ADULTO,44.4%,2007-08-17 00:00:00,AVALIAR: Similaridade moderada (44.4%) com consumível 'PÁS P/DESFIBRILADOR AUTOMÁTICO ADULTO...'. Possível reclassificação.
1.01 BRÁS,1264310,DOSÍMETRO - MEDIDOR DE DOSE DE RUIDO,MEDIDOR DE DISCO DE FREIO,32.0%,2022-10-24 00:00:00,MANTER: Baixa similaridade (32.0%) com consumível 'MEDIDOR DE DISCO DE FREIO...'. Provavelmente corretamente classificado.
1.01 BRÁS,1264311,DOSÍMETRO - MEDIDOR DE DOSE DE RUIDO,MEDIDOR DE DISCO DE FREIO,32.0%,2022-10-24 00:00:00,MANTER: Baixa similaridade (32.0%) com consumível 'MEDIDOR DE DISCO DE FREIO...'. Provavelmente corretamente classificado.
1.01 BRÁS,1264312,DOSÍMETRO - MEDIDOR DE DOSE DE RUIDO,MEDIDOR DE DISCO DE FREIO,32.0%,2022-10-24 00:00:00,MANTER: Baixa similaridade (32.0%) com consumível 'MEDIDOR DE DISCO DE FREIO...'. Provavelmente corretamente classificado.
1.01 BRÁS,1256089,CÂMERA TÉRMICA DE BOLSO,CÂMERA TÉRMICA ARDUÍNO AMG8833 8X8,41.2%,2022-03-15 00:00:00,AVALIAR: Similaridade moderada (41.2%) com consumível 'CÂMERA TÉRMICA ARDUÍNO AMG8833 8X8...'. Possível reclassificação.
1.01 BRÁS,1234264,DESFIBRILADOR EXT. AUTOMÁTICO C/FEEDBACK,PÁS P/DESFIBRILADOR AUTOMÁTICO ADULTO,43.9%,2020-03-17 00:00:00,AVALIAR: Similaridade moderada (43.9%) com consumível 'PÁS P/DESFIBRILADOR AUTOMÁTICO ADULTO...'. Possível reclassificação.
1.02 VILA ALPINA,1234181,DESFIBRILADOR EXT. AUTOMÁTICO C/FEEDBACK,PÁS P/DESFIBRILADOR AUTOMÁTICO ADULTO,43.9%,2020-03-09 00:00:00,AVALIAR: Similaridade moderada (43.9%) com consumível 'PÁS P/DESFIBRILADOR AUTOMÁTICO ADULTO...'. Possível reclassificação.
1.02 VILA ALPINA,1242790,CADEIRA DE RODAS C/APOIO P/PERNAS,PEDAL APOIO PÉS PLÁST. P/CADEIRA RODAS,41.1%,2021-10-29 00:00:00,AVALIAR: Similaridade moderada (41.1%) com consumível 'PEDAL APOIO PÉS PLÁST. P/CADEIRA RODAS...'. Possível reclassificação.
1.02 VILA ALPINA,1242791,CADEIRA DE RODAS C/APOIO P/PERNAS,PEDAL APOIO PÉS PLÁST. P/CADEIRA RODAS,41.1%,2021-10-29 00:00:00,AVALIAR: Similaridade moderada (41.1%) com consumível 'PEDAL APOIO PÉS PLÁST. P/CADEIRA RODAS...'. Possível reclassificação.
1.02 VILA ALPINA,966758,DESFIBRILADOR EXT.AUTOMÁTICO/HEARTSINE,PÁS P/DESFIBRILADOR AUTOMÁTICO ADULTO,44.9%,2010-12-09 00:00:00,AVALIAR: Similaridade moderada (44.9%) com consumível 'PÁS P/DESFIBRILADOR AUTOMÁTICO ADULTO...'. Possível reclassificação.
1.03 MOOCA,1234216,DESFIBRILADOR EXT. AUTOMÁTICO C/FEEDBACK,PÁS P/DESFIBRILADOR AUTOMÁTICO ADULTO,43.9%,2020-03-13 00:00:00,AVALIAR: Similaridade moderada (43.9%) com consumível 'PÁS P/DESFIBRILADOR AUTOMÁTICO ADULTO...'. Possível reclassificação.
1.03 MOOCA,945019,PRANCHA LONGA DE RESGATE PLÁST./MARIMAR,CAPA P/PRANCHA DE RESGATE,40.5%,2010-06-01 00:00:00,AVALIAR: Similaridade moderada (40.5%) com consumível 'CAPA P/PRANCHA DE RESGATE...'. Possível reclassificação.
1.03 MOOCA,965315,DESFIBRILADOR EXT.AUTOMÁTICO/HEART SINE,PÁS P/DESFIBRILADOR AUTOMÁTICO ADULTO,41.3%,2010-12-09 00:00:00,AVALIAR: Similaridade moderada (41.3%) com consumível 'PÁS P/DESFIBRILADOR AUTOMÁTICO ADULTO...'. Possível reclassificação.
1.05 BARRA FUNDA,1272883,CADEIRA DE RODAS C/APOIO P/PERNAS,PEDAL APOIO PÉS PLÁST. P/CADEIRA RODAS,41.1%,2023-04-18 00:00:00,AVALIAR: Similaridade moderada (41.1%) com consumível 'PEDAL APOIO PÉS PLÁST. P/CADEIRA RODAS...'. Possível reclassificação.
1.05 BARRA FUNDA,1234267,DESFIBRILADOR EXT. AUTOMÁTICO C/FEEDBACK,PÁS P/DESFIBRILADOR AUTOMÁTICO ADULTO,43.9%,2020-03-18 00:00:00,AVALIAR: Similaridade moderada (43.9%) com consumível 'PÁS P/DESFIBRILADOR AUTOMÁTICO ADULTO...'. Possível reclassificação.
1.05 BARRA FUNDA,966760,DESFIBRILADOR EXT.AUTOMÁTICO/HEARTSINE,PÁS P/DESFIBRILADOR AUTOMÁTICO ADULTO,44.9%,2010-12-09 00:00:00,AVALIAR: Similaridade moderada (44.9%) com consumível 'PÁS P/DESFIBRILADOR AUTOMÁTICO ADULTO...'. Possível reclassificação.
1.06 VILA LEOPOLDINA,1266062,DESFIBRILADOR EXTERNO AUTOMÁTICO,PÁS P/DESFIBRILADOR AUTOMÁTICO ADULTO,48.9%,2022-10-31 00:00:00,AVALIAR: Similaridade moderada (48.9%) com consumível 'PÁS P/DESFIBRILADOR AUTOMÁTICO ADULTO...'. Possível reclassificação.
1.06 VILA LEOPOLDINA,1131753,CONJUNTO PEDESTAL ROAMA C/ACESSÓRIOS,CONJUNTO SEMAFÓRICO,31.5%,2014-11-30 00:00:00,MANTER: Baixa similaridade (31.5%) com consumível 'CONJUNTO SEMAFÓRICO...'. Provavelmente corretamente classificado.
1.06 VILA LEOPOLDINA,1234673,DESFIBRILADOR EXT. AUTOMÁTICO C/FEEDBACK,PÁS P/DESFIBRILADOR AUTOMÁTICO ADULTO,43.9%,2020-03-31 00:00:00,AVALIAR: Similaridade moderada (43.9%) com consumível 'PÁS P/DESFIBRILADOR AUTOMÁTICO ADULTO...'. Possível reclassificação.
1.06 VILA LEOPOLDINA,655216,LAVA OLHOS DE PAREDE MONTE LAB WL1LFR,LAVA OLHOS PORTÁTIL,36.1%,1999-11-30 00:00:00,MANTER: Baixa similaridade (36.1%) com consumível 'LAVA OLHOS PORTÁTIL...'. Provavelmente corretamente classificado.
1.06 VILA LEOPOLDINA,1115916,CADEIRA DE DENTISTA COMPLETA / OLSEN,LAÇADEIRA COMPLETA,32.5%,2014-03-31 00:00:00,MANTER: Baixa similaridade (32.5%) com consumível 'LAÇADEIRA COMPLETA...'. Provavelmente corretamente classificado.
1.06 VILA LEOPOLDINA,1131754,SISTEMA DE SUCÇÃO AMIVAC MULTIPLO 4X2000ML,SISTEMA DE FILTRAÇÃO A VÁCUO 300ML,29.3%,2014-11-30 00:00:00,MANTER: Similaridade muito baixa (29.3%). Mantém como patrimônio.
1.06 VILA LEOPOLDINA,1131755,BOMBA DE INFUSÃO SAMTRONIC ST1000,BOMBA DE OLEO DA MOTOCICLETA,29.4%,2014-11-30 00:00:00,MANTER: Similaridade muito baixa (29.4%). Mantém como patrimônio.
1.06 VILA LEOPOLDINA,1131756,BOMBA DE INFUSÃO SAMTRONIC ST550T2,BOMBA DE OLEO DA MOTOCICLETA,29.1%,2014-11-30 00:00:00,MANTER: Similaridade muito baixa (29.1%). Mantém como patrimônio.
1.06 VILA LEOPOLDINA,1131757,BOMBA DE INFUSÃO SAMTRONIC ST6000,BOMBA DE OLEO DA MOTOCICLETA,29.4%,2014-11-30 00:00:00,MANTER: Similaridade muito baixa (29.4%). Mantém como patrimônio.
1.06 VILA LEOPOLDINA,1131758,BOMBA DE SERINGA SAMTRONIC ST670-000,BOMBA DE OLEO DA MOTOCICLETA,26.9%,2014-11-30 00:00:00,MANTER: Similaridade muito baixa (26.9%). Mantém como patrimônio.
1.06 VILA LEOPOLDINA,1266063,DESFIBRILADOR EXTERNO AUTOMÁTICO,PÁS P/DESFIBRILADOR AUTOMÁTICO ADULTO,48.9%,2022-10-31 00:00:00,AVALIAR: Similaridade moderada (48.9%) com consumível 'PÁS P/DESFIBRILADOR AUTOMÁTICO ADULTO...'. Possível reclassificação.
1.06 VILA LEOPOLDINA,1284829,FOCO CIRÚRGICO DE COLUNA,LÂMPADA 100W 24V P/FOCO CIRÚRGICO,38.1%,2023-12-15 00:00:00,MANTER: Baixa similaridade (38.1%) com consumível 'LÂMPADA 100W 24V P/FOCO CIRÚRGICO...'. Provavelmente corretamente classificado.
1.06 VILA LEOPOLDINA,1291015,MONITOR FETAL CARDIOTOCÓGRAFO,MONITOR DE POTÊNCIA,35.0%,2024-02-19 00:00:00,MANTER: Baixa similaridade (35.0%) com consumível 'MONITOR DE POTÊNCIA...'. Provavelmente corretamente classificado.
1.06 VILA LEOPOLDINA,775851,APARELHO PRESSÃO ARTERIAL COLUNA TYCOS,APARELHO MEDIR PRESSÃO ARTERIAL DE PULSO,44.1%,2007-03-31 00:00:00,AVALIAR: Similaridade moderada (44.1%) com consumível 'APARELHO MEDIR PRESSÃO ARTERIAL DE PULSO...'. Possível reclassificação.
1.06 VILA LEOPOLDINA,775852,"PAINEL PARA UTI 1,00X13 MOD.2001","PAINEL PARA PINTURA 1,20X0,90CM",27.8%,2007-03-31 00:00:00,MANTER: Similaridade muito baixa (27.8%). Mantém como patrimônio.
1.06 VILA LEOPOLDINA,788497,EQUIPO CARTFLEX SX 3 TERM. DABI 99001-021/0,RELÉ TERM D LR06 1 1.6A CL 10 1 NA+1NF,20.5%,2007-08-31 00:00:00,MANTER: Similaridade muito baixa (20.5%). Mantém como patrimônio.
1.06 VILA LEOPOLDINA,788498,EQUIPAMENTO ODONTOLOGICO  DABI ATLANTE,MICROBRUSH ODONTOLÓGICO,31.5%,2007-08-31 00:00:00,MANTER: Baixa similaridade (31.5%) com consumível 'MICROBRUSH ODONTOLÓGICO...'. Provavelmente corretamente classificado.
1.06 VILA LEOPOLDINA,788499,MOCHO A GÁS PROFISSIONAL AMARELO OLSEN,REGULADOR DE GÁS 76511 AMARELO,33.2%,2007-08-31 00:00:00,MANTER: Baixa similaridade (33.2%) com consumível 'REGULADOR DE GÁS 76511 AMARELO...'. Provavelmente corretamente classificado.
1.06 VILA LEOPOLDINA,788500,EQUIPAMENTO ODONTOLOGICO QUALITY OLSEN,MICROBRUSH ODONTOLÓGICO,31.3%,2007-08-31 00:00:00,MANTER: Baixa similaridade (31.3%) com consumível 'MICROBRUSH ODONTOLÓGICO...'. Provavelmente corretamente classificado.
1.06 VILA LEOPOLDINA,789843,CAMA MOTORIZADA FOWLER AMETISTA BRANCO,MÁRMORE BRANCO,26.7%,2007-09-30 00:00:00,MANTER: Similaridade muito baixa (26.7%). Mantém como patrimônio.
1.06 VILA LEOPOLDINA,794125,EQUIPAMENTO DE RAIO RX FIXO CRX,SOQUETE HO FIXO,33.2%,2007-10-31 00:00:00,MANTER: Baixa similaridade (33.2%) com consumível 'SOQUETE HO FIXO...'. Provavelmente corretamente classificado.
1.06 VILA LEOPOLDINA,794126,EQUIPAMENTO DE RAIO RX  MÓVEL CRX,SOQUETE HO MÓVEL,33.8%,2007-10-31 00:00:00,MANTER: Baixa similaridade (33.8%) com consumível 'SOQUETE HO MÓVEL...'. Provavelmente corretamente classificado.
1.06 VILA LEOPOLDINA,904767,SONOLAB 632 C/SOFTWARE,SOFTWARE NX,37.9%,2009-07-31 00:00:00,MANTER: Baixa similaridade (37.9%) com consumível 'SOFTWARE NX...'. Provavelmente corretamente classificado.
1.06 VILA LEOPOLDINA,933968,CADEIRA DENTISTA C/CONTR. DIGITAL- OLSEN,CAPA DO BOTÃO PEDAL CADEIRA OLSEN,28.5%,2010-03-31 00:00:00,MANTER: Similaridade muito baixa (28.5%). Mantém como patrimônio.
1.06 VILA LEOPOLDINA,957736,AUTOCLAVE AC-800 / ODONTOBRAS,SACO P/AUTOCLAVE 20 L,32.5%,2010-10-31 00:00:00,MANTER: Baixa similaridade (32.5%) com consumível 'SACO P/AUTOCLAVE 20 L...'. Provavelmente corretamente classificado.
1.06 VILA LEOPOLDINA,1305128,CÂMERA INTRAORAL,CÂMERA IP DIDÁTICA,41.0%,2024-07-12 00:00:00,AVALIAR: Similaridade moderada (41.0%) com consumível 'CÂMERA IP DIDÁTICA...'. Possível reclassificação.
1.07 BRÁS,1234266,DESFIBRILADOR EXT. AUTOMÁTICO C/FEEDBACK,PÁS P/DESFIBRILADOR AUTOMÁTICO ADULTO,43.9%,2020-03-20 00:00:00,AVALIAR: Similaridade moderada (43.9%) com consumível 'PÁS P/DESFIBRILADOR AUTOMÁTICO ADULTO...'. Possível reclassificação.
1.07 BRÁS,966767,DESFIBRILADOR EXT.AUTOMÁTICO/HEARTSINE,PÁS P/DESFIBRILADOR AUTOMÁTICO ADULTO,44.9%,2010-12-08 00:00:00,AVALIAR: Similaridade moderada (44.9%) com consumível 'PÁS P/DESFIBRILADOR AUTOMÁTICO ADULTO...'. Possível reclassificação.
1.07 BRÁS,966803,DESFIBRILADOR EXT.AUTOMÁTICO/HEARTSINE,PÁS P/DESFIBRILADOR AUTOMÁTICO ADULTO,44.9%,2010-12-27 00:00:00,AVALIAR: Similaridade moderada (44.9%) com consumível 'PÁS P/DESFIBRILADOR AUTOMÁTICO ADULTO...'. Possível reclassificação.
1.07 BRÁS,1287203,DESFIBRILADOR EXT. AUTOMÁTICO C/FEEDBAC,PÁS P/DESFIBRILADOR AUTOMÁTICO ADULTO,44.1%,2023-12-26 00:00:00,AVALIAR: Similaridade moderada (44.1%) com consumível 'PÁS P/DESFIBRILADOR AUTOMÁTICO ADULTO...'. Possível reclassificação.
1.08 IPIRANGA,1234268,DESFIBRILADOR EXT. AUTOMÁTICO C/FEEDBACK,PÁS P/DESFIBRILADOR AUTOMÁTICO ADULTO,43.9%,2020-03-17 00:00:00,AVALIAR: Similaridade moderada (43.9%) com consumível 'PÁS P/DESFIBRILADOR AUTOMÁTICO ADULTO...'. Possível reclassificação.
1.08 IPIRANGA,1279781,CADEIRA DE RODAS C/APOIO P/PERNAS,PEDAL APOIO PÉS PLÁST. P/CADEIRA RODAS,41.1%,2023-09-12 00:00:00,AVALIAR: Similaridade moderada (41.1%) com consumível 'PEDAL APOIO PÉS PLÁST. P/CADEIRA RODAS...'. Possível reclassificação.
1.08 IPIRANGA,1113276,MACA P/RESGATE EM POLIETILENO/ORTOCENTER,MACA P/RESGATE DE POLIETILENO,76.8%,2014-07-24 00:00:00,RECLASSIFICAR: Alta similaridade (76.8%) com consumível 'MACA P/RESGATE DE POLIETILENO...'. Forte indicação de má classificação.
1.08 IPIRANGA,1127974,MACA P/RESGATE EM POLIETILENO/ORTOPRATIKA,MACA P/RESGATE DE POLIETILENO,76.5%,2014-10-23 00:00:00,RECLASSIFICAR: Alta similaridade (76.5%) com consumível 'MACA P/RESGATE DE POLIETILENO...'. Forte indicação de má classificação.
1.09 VILA MARIANA,1234269,DESFIBRILADOR EXT. AUTOMÁTICO C/FEEDBACK,PÁS P/DESFIBRILADOR AUTOMÁTICO ADULTO,43.9%,2020-03-19 00:00:00,AVALIAR: Similaridade moderada (43.9%) com consumível 'PÁS P/DESFIBRILADOR AUTOMÁTICO ADULTO...'. Possível reclassificação.
1.09 VILA MARIANA,1307600,DOSÍMETRO - MEDIDOR DE DOSE DE RUÍDO,MEDIDOR DE DISCO DE FREIO,32.0%,2024-10-15 00:00:00,MANTER: Baixa similaridade (32.0%) com consumível 'MEDIDOR DE DISCO DE FREIO...'. Provavelmente corretamente classificado.
1.09 VILA MARIANA,1308601,DOSÍMETRO - MEDIDOR DE DOSE DE RUÍDO,MEDIDOR DE DISCO DE FREIO,32.0%,2024-10-15 00:00:00,MANTER: Baixa similaridade (32.0%) com consumível 'MEDIDOR DE DISCO DE FREIO...'. Provavelmente corretamente classificado.
1.09 VILA MARIANA,1308602,DOSÍMETRO - MEDIDOR DE DOSE DE RUÍDO,MEDIDOR DE DISCO DE FREIO,32.0%,2024-10-15 00:00:00,MANTER: Baixa similaridade (32.0%) com consumível 'MEDIDOR DE DISCO DE FREIO...'. Provavelmente corretamente classificado.
1.09 VILA MARIANA,1308603,DOSÍMETRO - MEDIDOR DE DOSE DE RUÍDO,MEDIDOR DE DISCO DE FREIO,32.0%,2024-10-15 00:00:00,MANTER: Baixa similaridade (32.0%) com consumível 'MEDIDOR DE DISCO DE FREIO...'. Provavelmente corretamente classificado.
1.10 BOM RETIRO,1241461,CADEIRA DE RODAS C/APOIO P/PERNAS,PEDAL APOIO PÉS PLÁST. P/CADEIRA RODAS,41.1%,2021-07-31 00:00:00,AVALIAR: Similaridade moderada (41.1%) com consumível 'PEDAL APOIO PÉS PLÁST. P/CADEIRA RODAS...'. Possível reclassificação.
1.10 BOM RETIRO,1241462,CADEIRA DE RODAS C/APOIO P/PERNAS,PEDAL APOIO PÉS PLÁST. P/CADEIRA RODAS,41.1%,2021-07-31 00:00:00,AVALIAR: Similaridade moderada (41.1%) com consumível 'PEDAL APOIO PÉS PLÁST. P/CADEIRA RODAS...'. Possível reclassificação.
1.10 BOM RETIRO,1241575,DESFIBRILADOR EXTERNO AUTOMÁTICO,PÁS P/DESFIBRILADOR AUTOMÁTICO ADULTO,48.9%,2021-08-20 00:00:00,AVALIAR: Similaridade moderada (48.9%) com consumível 'PÁS P/DESFIBRILADOR AUTOMÁTICO ADULTO...'. Possível reclassificação.
1.11 TATUAPÉ,1234473,DESFIBRILADOR EXT. AUTOMÁTICO C/FEEDBACK,PÁS P/DESFIBRILADOR AUTOMÁTICO ADULTO,43.9%,2020-03-06 00:00:00,AVALIAR: Similaridade moderada (43.9%) com consumível 'PÁS P/DESFIBRILADOR AUTOMÁTICO ADULTO...'. Possível reclassificação.
1.11 TATUAPÉ,1285840,DESFIBRILADOR EXT. AUTOMÁTICO C/FEEDBAC,PÁS P/DESFIBRILADOR AUTOMÁTICO ADULTO,44.1%,2023-12-26 00:00:00,AVALIAR: Similaridade moderada (44.1%) com consumível 'PÁS P/DESFIBRILADOR AUTOMÁTICO ADULTO...'. Possível reclassificação.
1.11 TATUAPÉ,1127649,MACA P/RESGATE EM POLIETILENO/ ORTOPRATIKA,MACA P/RESGATE DE POLIETILENO,76.5%,2014-10-23 00:00:00,RECLASSIFICAR: Alta similaridade (76.5%) com consumível 'MACA P/RESGATE DE POLIETILENO...'. Forte indicação de má classificação.
1.11 TATUAPÉ,1127650,MACA P/RESGATE EM POLIETILENO/ ORTOPRATIKA,MACA P/RESGATE DE POLIETILENO,76.5%,2014-10-23 00:00:00,RECLASSIFICAR: Alta similaridade (76.5%) com consumível 'MACA P/RESGATE DE POLIETILENO...'. Forte indicação de má classificação.
1.11 TATUAPÉ,1127651,MACA P/RESGATE EM POLIETILENO/ ORTOPRATIKA,MACA P/RESGATE DE POLIETILENO,76.5%,2014-10-23 00:00:00,RECLASSIFICAR: Alta similaridade (76.5%) com consumível 'MACA P/RESGATE DE POLIETILENO...'. Forte indicação de má classificação.
1.11 TATUAPÉ,1127652,MACA P/RESGATE EM POLIETILENO/ ORTOPRATIKA,MACA P/RESGATE DE POLIETILENO,76.5%,2014-10-23 00:00:00,RECLASSIFICAR: Alta similaridade (76.5%) com consumível 'MACA P/RESGATE DE POLIETILENO...'. Forte indicação de má classificação.
1.11 TATUAPÉ,1127653,MACA P/RESGATE EM POLIETILENO/ ORTOPRATIKA,MACA P/RESGATE DE POLIETILENO,76.5%,2014-10-23 00:00:00,RECLASSIFICAR: Alta similaridade (76.5%) com consumível 'MACA P/RESGATE DE POLIETILENO...'. Forte indicação de má classificação.
1.11 TATUAPÉ,1242780,CADEIRA DE RODAS C/APOIO P/PERNAS,PEDAL APOIO PÉS PLÁST. P/CADEIRA RODAS,41.1%,2021-10-28 00:00:00,AVALIAR: Similaridade moderada (41.1%) com consumível 'PEDAL APOIO PÉS PLÁST. P/CADEIRA RODAS...'. Possível reclassificação.
1.11 TATUAPÉ,1242781,CADEIRA DE RODAS C/APOIO P/PERNAS,PEDAL APOIO PÉS PLÁST. P/CADEIRA RODAS,41.1%,2021-10-28 00:00:00,AVALIAR: Similaridade moderada (41.1%) com consumível 'PEDAL APOIO PÉS PLÁST. P/CADEIRA RODAS...'. Possível reclassificação.
1.11 TATUAPÉ,967789,DESFIBRILADOR EXT.AUTOMÁTICO/HEARTSINE,PÁS P/DESFIBRILADOR AUTOMÁTICO ADULTO,44.9%,2010-12-10 00:00:00,AVALIAR: Similaridade moderada (44.9%) com consumível 'PÁS P/DESFIBRILADOR AUTOMÁTICO ADULTO...'. Possível reclassificação.
1.12 SANTO AMARO,1234217,DESFIBRILADOR EXT. AUTOMÁTICO C/FEEDBACK,PÁS P/DESFIBRILADOR AUTOMÁTICO ADULTO,43.9%,2020-03-12 00:00:00,AVALIAR: Similaridade moderada (43.9%) com consumível 'PÁS P/DESFIBRILADOR AUTOMÁTICO ADULTO...'. Possível reclassificação.
1.13 IPIRANGA,1234270,DESFIBRILADOR EXT. AUTOMÁTICO C/FEEDBACK,PÁS P/DESFIBRILADOR AUTOMÁTICO ADULTO,43.9%,2020-03-16 00:00:00,AVALIAR: Similaridade moderada (43.9%) com consumível 'PÁS P/DESFIBRILADOR AUTOMÁTICO ADULTO...'. Possível reclassificação.
1.14 MOOCA,1234271,DESFIBRILADOR EXT. AUTOMÁTICO C/FEEDBACK,PÁS P/DESFIBRILADOR AUTOMÁTICO ADULTO,43.9%,2020-03-17 00:00:00,AVALIAR: Similaridade moderada (43.9%) com consumível 'PÁS P/DESFIBRILADOR AUTOMÁTICO ADULTO...'. Possível reclassificação.
1.14 MOOCA,655218,LAVA OLHOS DE PAREDE MONTE LAB WL1LFR.,LAVA OLHOS PORTÁTIL,36.1%,1999-11-30 00:00:00,MANTER: Baixa similaridade (36.1%) com consumível 'LAVA OLHOS PORTÁTIL...'. Provavelmente corretamente classificado.
1.14 MOOCA,1039335,CADEIRA DE RODAS DESMONTÁVEL 100KG,BUCHA DO GARFO CADEIRA DE RODAS,38.1%,2012-05-31 00:00:00,MANTER: Baixa similaridade (38.1%) com consumível 'BUCHA DO GARFO CADEIRA DE RODAS...'. Provavelmente corretamente classificado.
1.15 SANTO AMARO,1234182,DESFIBRILADOR EXT. AUTOMÁTICO C/FEEDBACK,PÁS P/DESFIBRILADOR AUTOMÁTICO ADULTO,43.9%,2020-03-10 00:00:00,AVALIAR: Similaridade moderada (43.9%) com consumível 'PÁS P/DESFIBRILADOR AUTOMÁTICO ADULTO...'. Possível reclassificação.
1.15 SANTO AMARO,1280195,CADEIRA DE RODAS MÍNIMO 160KG,BUCHA DO GARFO CADEIRA DE RODAS,39.3%,2023-09-28 00:00:00,MANTER: Baixa similaridade (39.3%) com consumível 'BUCHA DO GARFO CADEIRA DE RODAS...'. Provavelmente corretamente classificado.
1.15 SANTO AMARO,1279774,CADEIRA DE RODAS C/APOIO P/PERNAS,PEDAL APOIO PÉS PLÁST. P/CADEIRA RODAS,41.1%,2023-09-11 00:00:00,AVALIAR: Similaridade moderada (41.1%) com consumível 'PEDAL APOIO PÉS PLÁST. P/CADEIRA RODAS...'. Possível reclassificação.
1.15 SANTO AMARO,1279773,CADEIRA DE RODAS C/APOIO P/PERNAS,PEDAL APOIO PÉS PLÁST. P/CADEIRA RODAS,41.1%,2023-09-11 00:00:00,AVALIAR: Similaridade moderada (41.1%) com consumível 'PEDAL APOIO PÉS PLÁST. P/CADEIRA RODAS...'. Possível reclassificação.
1.15 SANTO AMARO,1286357,DESFIBRILADOR EXT. AUTOMÁTICO C/FEEDBAC,PÁS P/DESFIBRILADOR AUTOMÁTICO ADULTO,44.1%,2023-12-11 00:00:00,AVALIAR: Similaridade moderada (44.1%) com consumível 'PÁS P/DESFIBRILADOR AUTOMÁTICO ADULTO...'. Possível reclassificação.
1.15 SANTO AMARO,1255129,CÂMERA TÉRMICA DE BOLSO,CÂMERA TÉRMICA ARDUÍNO AMG8833 8X8,41.2%,2022-02-16 00:00:00,AVALIAR: Similaridade moderada (41.2%) com consumível 'CÂMERA TÉRMICA ARDUÍNO AMG8833 8X8...'. Possível reclassificação.
1.16 SÃO BERNARDO DO CAMPO,1234200,DESFIBRILADOR EXT. AUTOMÁTICO C/FEEDBACK,PÁS P/DESFIBRILADOR AUTOMÁTICO ADULTO,43.9%,2020-03-10 00:00:00,AVALIAR: Similaridade moderada (43.9%) com consumível 'PÁS P/DESFIBRILADOR AUTOMÁTICO ADULTO...'. Possível reclassificação.
1.16 SÃO BERNARDO DO CAMPO,1286142,DESFIBRILADOR EXT. AUTOMÁTICO C/FEEDBAC,PÁS P/DESFIBRILADOR AUTOMÁTICO ADULTO,44.1%,2023-12-07 00:00:00,AVALIAR: Similaridade moderada (44.1%) com consumível 'PÁS P/DESFIBRILADOR AUTOMÁTICO ADULTO...'. Possível reclassificação.
1.16 SÃO BERNARDO DO CAMPO,655217,LAVA OLHOS DE PAREDE MONTE LAB WL1LFR,LAVA OLHOS PORTÁTIL,36.1%,1999-11-30 00:00:00,MANTER: Baixa similaridade (36.1%) com consumível 'LAVA OLHOS PORTÁTIL...'. Provavelmente corretamente classificado.
1.16 SÃO BERNARDO DO CAMPO,965408,DESFIBRILADOR EXT. AUTOMÁTICO HEARTSINE,PÁS P/DESFIBRILADOR AUTOMÁTICO ADULTO,44.9%,2010-12-08 00:00:00,AVALIAR: Similaridade moderada (44.9%) com consumível 'PÁS P/DESFIBRILADOR AUTOMÁTICO ADULTO...'. Possível reclassificação.
1.16 SÃO BERNARDO DO CAMPO,1258427,CADEIRA DE RODAS C/APOIO P/PERNAS,PEDAL APOIO PÉS PLÁST. P/CADEIRA RODAS,41.1%,2022-05-10 00:00:00,AVALIAR: Similaridade moderada (41.1%) com consumível 'PEDAL APOIO PÉS PLÁST. P/CADEIRA RODAS...'. Possível reclassificação.
1.16 SÃO BERNARDO DO CAMPO,1258426,CADEIRA DE RODAS C/APOIO P/PERNAS,PEDAL APOIO PÉS PLÁST. P/CADEIRA RODAS,41.1%,2022-05-10 00:00:00,AVALIAR: Similaridade moderada (41.1%) com consumível 'PEDAL APOIO PÉS PLÁST. P/CADEIRA RODAS...'. Possível reclassificação.
1.16 SÃO BERNARDO DO CAMPO,1258429,CADEIRA DE RODAS C/APOIO P/PERNAS,PEDAL APOIO PÉS PLÁST. P/CADEIRA RODAS,41.1%,2022-05-10 00:00:00,AVALIAR: Similaridade moderada (41.1%) com consumível 'PEDAL APOIO PÉS PLÁST. P/CADEIRA RODAS...'. Possível reclassificação.
1.16 SÃO BERNARDO DO CAMPO,1258428,CADEIRA DE RODAS C/APOIO P/PERNAS,PEDAL APOIO PÉS PLÁST. P/CADEIRA RODAS,41.1%,2022-05-10 00:00:00,AVALIAR: Similaridade moderada (41.1%) com consumível 'PEDAL APOIO PÉS PLÁST. P/CADEIRA RODAS...'. Possível reclassificação.
1.17 MOGI DAS CRUZES,1286514,DESFIBRILADOR EXT. AUTOMÁTICO C/FEEDBAC,PÁS P/DESFIBRILADOR AUTOMÁTICO ADULTO,44.1%,2023-12-28 00:00:00,AVALIAR: Similaridade moderada (44.1%) com consumível 'PÁS P/DESFIBRILADOR AUTOMÁTICO ADULTO...'. Possível reclassificação.
1.17 MOGI DAS CRUZES,967714,DESFIBRILADOR EXT.AUTOMÁTICO/HEARTSINE,PÁS P/DESFIBRILADOR AUTOMÁTICO ADULTO,44.9%,2010-12-20 00:00:00,AVALIAR: Similaridade moderada (44.9%) com consumível 'PÁS P/DESFIBRILADOR AUTOMÁTICO ADULTO...'. Possível reclassificação.
1.17 MOGI DAS CRUZES,1234222,DESFIBRILADOR EXT. AUTOMÁTICO C/FEEDBACK,PÁS P/DESFIBRILADOR AUTOMÁTICO ADULTO,43.9%,2020-03-13 00:00:00,AVALIAR: Similaridade moderada (43.9%) com consumível 'PÁS P/DESFIBRILADOR AUTOMÁTICO ADULTO...'. Possível reclassificação.
1.18 SANTO ANDRÉ,1234190,DESFIBRILADOR EXT. AUTOMÁTICO C/FEEDBACK,PÁS P/DESFIBRILADOR AUTOMÁTICO ADULTO,43.9%,2020-03-09 00:00:00,AVALIAR: Similaridade moderada (43.9%) com consumível 'PÁS P/DESFIBRILADOR AUTOMÁTICO ADULTO...'. Possível reclassificação.
1.19 OSASCO,1234225,DESFIBRILADOR EXT. AUTOMÁTICO C/FEEDBACK,PÁS P/DESFIBRILADOR AUTOMÁTICO ADULTO,43.9%,2020-03-13 00:00:00,AVALIAR: Similaridade moderada (43.9%) com consumível 'PÁS P/DESFIBRILADOR AUTOMÁTICO ADULTO...'. Possível reclassificação.
1.19 OSASCO,1286517,DESFIBRILADOR EXT. AUTOMÁTICO C/FEEDBAC,PÁS P/DESFIBRILADOR AUTOMÁTICO ADULTO,44.1%,2023-12-29 00:00:00,AVALIAR: Similaridade moderada (44.1%) com consumível 'PÁS P/DESFIBRILADOR AUTOMÁTICO ADULTO...'. Possível reclassificação.
1.20 SÃO BERNARDO DO CAMPO,1234259,DESFIBRILADOR EXT. AUTOMÁTICO C/FEEDBACK,PÁS P/DESFIBRILADOR AUTOMÁTICO ADULTO,43.9%,2020-03-18 00:00:00,AVALIAR: Similaridade moderada (43.9%) com consumível 'PÁS P/DESFIBRILADOR AUTOMÁTICO ADULTO...'. Possível reclassificação.
1.20 SÃO BERNARDO DO CAMPO,1286141,DESFIBRILADOR EXT. AUTOMÁTICO C/FEEDBAC,PÁS P/DESFIBRILADOR AUTOMÁTICO ADULTO,44.1%,2023-12-26 00:00:00,AVALIAR: Similaridade moderada (44.1%) com consumível 'PÁS P/DESFIBRILADOR AUTOMÁTICO ADULTO...'. Possível reclassificação.
1.21 CAMBUCI,1266065,DESFIBRILADOR EXTERNO AUTOMÁTICO,PÁS P/DESFIBRILADOR AUTOMÁTICO ADULTO,48.9%,2022-10-31 00:00:00,AVALIAR: Similaridade moderada (48.9%) com consumível 'PÁS P/DESFIBRILADOR AUTOMÁTICO ADULTO...'. Possível reclassificação.
1.21 CAMBUCI,967194,DESFIBRILADOR EXT.AUTOMÁTICO/HEARTSINE,PÁS P/DESFIBRILADOR AUTOMÁTICO ADULTO,44.9%,2010-12-10 00:00:00,AVALIAR: Similaridade moderada (44.9%) com consumível 'PÁS P/DESFIBRILADOR AUTOMÁTICO ADULTO...'. Possível reclassificação.
1.21 CAMBUCI,1285865,DESFIBRILADOR EXT. AUTOMÁTICO C/FEEDBAC,PÁS P/DESFIBRILADOR AUTOMÁTICO ADULTO,44.1%,2023-12-22 00:00:00,AVALIAR: Similaridade moderada (44.1%) com consumível 'PÁS P/DESFIBRILADOR AUTOMÁTICO ADULTO...'. Possível reclassificação.
1.22 GUARULHOS,745136,MANEQUIM ADULTO TREIN.RESPIRACAO CARDIO,MANEQUIM MASCULINO PARA EXPOSIÇÃO DE EPI,26.2%,2006-01-31 00:00:00,MANTER: Similaridade muito baixa (26.2%). Mantém como patrimônio.
1.22 GUARULHOS,1234297,DESFIBRILADOR EXT. AUTOMÁTICO C/FEEDBACK,PÁS P/DESFIBRILADOR AUTOMÁTICO ADULTO,43.9%,2020-03-24 00:00:00,AVALIAR: Similaridade moderada (43.9%) com consumível 'PÁS P/DESFIBRILADOR AUTOMÁTICO ADULTO...'. Possível reclassificação.
1.23 SÃO CAETANO DO SUL,1234298,DESFIBRILADOR EXT. AUTOMÁTICO C/FEEDBACK,PÁS P/DESFIBRILADOR AUTOMÁTICO ADULTO,43.9%,2020-03-20 00:00:00,AVALIAR: Similaridade moderada (43.9%) com consumível 'PÁS P/DESFIBRILADOR AUTOMÁTICO ADULTO...'. Possível reclassificação.
1.24 SUZANO,1130474,CADEIRA DE RODAS C/APOIO P/PERNAS/ OTTO BOCK,PEDAL APOIO PÉS PLÁST. P/CADEIRA RODAS,33.1%,2014-11-18 00:00:00,MANTER: Baixa similaridade (33.1%) com consumível 'PEDAL APOIO PÉS PLÁST. P/CADEIRA RODAS...'. Provavelmente corretamente classificado.
1.24 SUZANO,1234256,DESFIBRILADOR EXT. AUTOMÁTICO C/FEEDBACK,PÁS P/DESFIBRILADOR AUTOMÁTICO ADULTO,43.9%,2020-03-18 00:00:00,AVALIAR: Similaridade moderada (43.9%) com consumível 'PÁS P/DESFIBRILADOR AUTOMÁTICO ADULTO...'. Possível reclassificação.
1.24 SUZANO,1127970,MACA P/RESGATE EM POLIETILENO/ORTOPRATIKA,MACA P/RESGATE DE POLIETILENO,76.5%,2014-10-23 00:00:00,RECLASSIFICAR: Alta similaridade (76.5%) com consumível 'MACA P/RESGATE DE POLIETILENO...'. Forte indicação de má classificação.
1.24 SUZANO,1127969,MACA P/RESGATE EM POLIETILENO/ORTOPRATIKA,MACA P/RESGATE DE POLIETILENO,76.5%,2014-10-23 00:00:00,RECLASSIFICAR: Alta similaridade (76.5%) com consumível 'MACA P/RESGATE DE POLIETILENO...'. Forte indicação de má classificação.
1.24 SUZANO,1127971,MACA P/RESGATE EM POLIETILENO/ORTOPRATIKA,MACA P/RESGATE DE POLIETILENO,76.5%,2014-10-23 00:00:00,RECLASSIFICAR: Alta similaridade (76.5%) com consumível 'MACA P/RESGATE DE POLIETILENO...'. Forte indicação de má classificação.
1.24 SUZANO,968464,DESFIBRILADOR EXT.AUTOMÁTICO/HEARTSINE,PÁS P/DESFIBRILADOR AUTOMÁTICO ADULTO,44.9%,2010-12-10 00:00:00,AVALIAR: Similaridade moderada (44.9%) com consumível 'PÁS P/DESFIBRILADOR AUTOMÁTICO ADULTO...'. Possível reclassificação.
1.24 SUZANO,1127972,MACA P/RESGATE EM POLIETILENO/ORTOPRATIKA,MACA P/RESGATE DE POLIETILENO,76.5%,2014-10-23 00:00:00,RECLASSIFICAR: Alta similaridade (76.5%) com consumível 'MACA P/RESGATE DE POLIETILENO...'. Forte indicação de má classificação.
1.24 SUZANO,1127973,MACA P/RESGATE EM POLIETILENO/ORTOPRATIKA,MACA P/RESGATE DE POLIETILENO,76.5%,2014-10-23 00:00:00,RECLASSIFICAR: Alta similaridade (76.5%) com consumível 'MACA P/RESGATE DE POLIETILENO...'. Forte indicação de má classificação.
1.25 DIADEMA,1241706,DESFIBRILADOR EXTERNO AUTOMÁTICO,PÁS P/DESFIBRILADOR AUTOMÁTICO ADULTO,48.9%,2021-09-20 00:00:00,AVALIAR: Similaridade moderada (48.9%) com consumível 'PÁS P/DESFIBRILADOR AUTOMÁTICO ADULTO...'. Possível reclassificação.
1.26 TATUAPÉ,1234820,DESFIBRILADOR EXT. AUTOMÁTICO C/FEEDBACK,PÁS P/DESFIBRILADOR AUTOMÁTICO ADULTO,43.9%,2020-04-22 00:00:00,AVALIAR: Similaridade moderada (43.9%) com consumível 'PÁS P/DESFIBRILADOR AUTOMÁTICO ADULTO...'. Possível reclassificação.
1.27 JANDIRA,1234291,DESFIBRILADOR EXT. AUTOMÁTICO C/FEEDBACK,PÁS P/DESFIBRILADOR AUTOMÁTICO ADULTO,43.9%,2020-03-20 00:00:00,AVALIAR: Similaridade moderada (43.9%) com consumível 'PÁS P/DESFIBRILADOR AUTOMÁTICO ADULTO...'. Possível reclassificação.
1.28 GUARULHOS,1307874,CADEIRA DE RODAS MÍNIMO 160KG,BUCHA DO GARFO CADEIRA DE RODAS,39.3%,2024-10-19 00:00:00,MANTER: Baixa similaridade (39.3%) com consumível 'BUCHA DO GARFO CADEIRA DE RODAS...'. Provavelmente corretamente classificado.
1.28 GUARULHOS,745135,MANEQUIM ADULTO TREIN.RESPIRACAO CARDIO,MANEQUIM MASCULINO PARA EXPOSIÇÃO DE EPI,26.2%,2006-01-31 00:00:00,MANTER: Similaridade muito baixa (26.2%). Mantém como patrimônio.
1.28 GUARULHOS,1143543,MACA P/RESGATE EM POLIETILENO/BIOTECMED,MACA P/RESGATE DE POLIETILENO,77.2%,2015-08-24 00:00:00,RECLASSIFICAR: Alta similaridade (77.2%) com consumível 'MACA P/RESGATE DE POLIETILENO...'. Forte indicação de má classificação.
1.28 GUARULHOS,1143544,MACA P/RESGATE EM POLIETILENO/BIOTECMED,MACA P/RESGATE DE POLIETILENO,77.2%,2015-08-24 00:00:00,RECLASSIFICAR: Alta similaridade (77.2%) com consumível 'MACA P/RESGATE DE POLIETILENO...'. Forte indicação de má classificação.
1.28 GUARULHOS,1143545,MACA P/RESGATE EM POLIETILENO/BIOTECMED,MACA P/RESGATE DE POLIETILENO,77.2%,2015-08-24 00:00:00,RECLASSIFICAR: Alta similaridade (77.2%) com consumível 'MACA P/RESGATE DE POLIETILENO...'. Forte indicação de má classificação.
1.28 GUARULHOS,1143546,MACA P/RESGATE EM POLIETILENO/BIOTECMED,MACA P/RESGATE DE POLIETILENO,77.2%,2015-08-24 00:00:00,RECLASSIFICAR: Alta similaridade (77.2%) com consumível 'MACA P/RESGATE DE POLIETILENO...'. Forte indicação de má classificação.
1.28 GUARULHOS,1143833,CADEIRA DE RODAS C/APOIO P/PERNAS / LIBERTY,PEDAL APOIO PÉS PLÁST. P/CADEIRA RODAS,36.2%,2015-09-09 00:00:00,MANTER: Baixa similaridade (36.2%) com consumível 'PEDAL APOIO PÉS PLÁST. P/CADEIRA RODAS...'. Provavelmente corretamente classificado.
1.28 GUARULHOS,1143834,CADEIRA DE RODAS C/APOIO P/PERNAS / LIBERTY,PEDAL APOIO PÉS PLÁST. P/CADEIRA RODAS,36.2%,2015-09-09 00:00:00,MANTER: Baixa similaridade (36.2%) com consumível 'PEDAL APOIO PÉS PLÁST. P/CADEIRA RODAS...'. Provavelmente corretamente classificado.
1.28 GUARULHOS,1288990,DESFIBRILADOR EXT. AUTOMÁTICO C/FEEDBAC,PÁS P/DESFIBRILADOR AUTOMÁTICO ADULTO,44.1%,2024-01-10 00:00:00,AVALIAR: Similaridade moderada (44.1%) com consumível 'PÁS P/DESFIBRILADOR AUTOMÁTICO ADULTO...'. Possível reclassificação.
1.28 GUARULHOS,1288989,DESFIBRILADOR EXT. AUTOMÁTICO C/FEEDBAC,PÁS P/DESFIBRILADOR AUTOMÁTICO ADULTO,44.1%,2024-01-10 00:00:00,AVALIAR: Similaridade moderada (44.1%) com consumível 'PÁS P/DESFIBRILADOR AUTOMÁTICO ADULTO...'. Possível reclassificação.
1.34 SÃO CAETANO DO SUL,1362385,ÓCULOS PARA TECNOLOGIA ASSISTIVA,ÓCULOS LEOPARDO INCOLOR,30.4%,2025-07-21 00:00:00,MANTER: Baixa similaridade (30.4%) com consumível 'ÓCULOS LEOPARDO INCOLOR...'. Provavelmente corretamente classificado.
1.34 SÃO CAETANO DO SUL,1234772,DESFIBRILADOR EXT. AUTOMÁTICO C/FEEDBACK,PÁS P/DESFIBRILADOR AUTOMÁTICO ADULTO,43.9%,2020-04-02 00:00:00,AVALIAR: Similaridade moderada (43.9%) com consumível 'PÁS P/DESFIBRILADOR AUTOMÁTICO ADULTO...'. Possível reclassificação.
1.34 SÃO CAETANO DO SUL,1352385,CADEIRA DE RODAS C/APOIO P/PERNAS,PEDAL APOIO PÉS PLÁST. P/CADEIRA RODAS,41.1%,2025-04-28 00:00:00,AVALIAR: Similaridade moderada (41.1%) com consumível 'PEDAL APOIO PÉS PLÁST. P/CADEIRA RODAS...'. Possível reclassificação.
1.35 SANTANA DE PARNAÍBA,1234790,DESFIBRILADOR EXT. AUTOMÁTICO C/FEEDBACK,PÁS P/DESFIBRILADOR AUTOMÁTICO ADULTO,43.9%,2020-04-02 00:00:00,AVALIAR: Similaridade moderada (43.9%) com consumível 'PÁS P/DESFIBRILADOR AUTOMÁTICO ADULTO...'. Possível reclassificação.
1.35 SANTANA DE PARNAÍBA,967335,DESFIBRILADOR EXT. AUTOMÁTICO HEARSINE,PÁS P/DESFIBRILADOR AUTOMÁTICO ADULTO,44.4%,2010-08-10 00:00:00,AVALIAR: Similaridade moderada (44.4%) com consumível 'PÁS P/DESFIBRILADOR AUTOMÁTICO ADULTO...'. Possível reclassificação.
1.36 BARUERI,1234207,DESFIBRILADOR EXT. AUTOMÁTICO C/FEEDBACK,PÁS P/DESFIBRILADOR AUTOMÁTICO ADULTO,43.9%,2020-03-10 00:00:00,AVALIAR: Similaridade moderada (43.9%) com consumível 'PÁS P/DESFIBRILADOR AUTOMÁTICO ADULTO...'. Possível reclassificação.
1.38 COTIA,745134,MANEQUIM ADULTO TREIN.RESPIRACAO CARDIO,MANEQUIM MASCULINO PARA EXPOSIÇÃO DE EPI,26.2%,2006-01-31 00:00:00,MANTER: Similaridade muito baixa (26.2%). Mantém como patrimônio.
1.38 COTIA,1170017,MACA P/RESGATE EM POLIETILENO/,MACA P/RESGATE DE POLIETILENO,99.0%,2016-07-29 00:00:00,RECLASSIFICAR: Altíssima similaridade (99.0%) com consumível 'MACA P/RESGATE DE POLIETILENO...'. Item claramente mal classificado como patrimônio.
1.38 COTIA,1171609,CADEIRA DE RODAS C/APOIO P/PERNAS/JAGUARIBE,PEDAL APOIO PÉS PLÁST. P/CADEIRA RODAS,36.0%,2016-08-29 00:00:00,MANTER: Baixa similaridade (36.0%) com consumível 'PEDAL APOIO PÉS PLÁST. P/CADEIRA RODAS...'. Provavelmente corretamente classificado.
1.38 COTIA,1170018,MACA P/RESGATE EM POLIETILENO/,MACA P/RESGATE DE POLIETILENO,99.0%,2016-07-29 00:00:00,RECLASSIFICAR: Altíssima similaridade (99.0%) com consumível 'MACA P/RESGATE DE POLIETILENO...'. Item claramente mal classificado como patrimônio.
1.38 COTIA,1210363,DESFIBRILADOR EXTERNO AUTOMÁTICO/ LIFE,PÁS P/DESFIBRILADOR AUTOMÁTICO ADULTO,44.4%,2018-09-24 00:00:00,AVALIAR: Similaridade moderada (44.4%) com consumível 'PÁS P/DESFIBRILADOR AUTOMÁTICO ADULTO...'. Possível reclassificação.
1.43 SÃO BERNARDO DO CAMPO,1233563,DESFIBRILADOR EXT. AUTOMÁTICO C/FEEDBACK,PÁS P/DESFIBRILADOR AUTOMÁTICO ADULTO,43.9%,2020-02-26 00:00:00,AVALIAR: Similaridade moderada (43.9%) com consumível 'PÁS P/DESFIBRILADOR AUTOMÁTICO ADULTO...'. Possível reclassificação.
1.44 SÃO BERNARDO DO CAMPO,1353640,DESFIBRILADOR EXT. AUTOMÁTICO C/FEEDBAC,PÁS P/DESFIBRILADOR AUTOMÁTICO ADULTO,44.1%,2025-05-15 00:00:00,AVALIAR: Similaridade moderada (44.1%) com consumível 'PÁS P/DESFIBRILADOR AUTOMÁTICO ADULTO...'. Possível reclassificação.
1.44 SÃO BERNARDO DO CAMPO,965660,DESFIBRILADOR EXT.AUTOMÁTICO / HEARTSINE,PÁS P/DESFIBRILADOR AUTOMÁTICO ADULTO,44.9%,2010-12-09 00:00:00,AVALIAR: Similaridade moderada (44.9%) com consumível 'PÁS P/DESFIBRILADOR AUTOMÁTICO ADULTO...'. Possível reclassificação.
1.63 PIRITUBA,965678,DESFIBRILADOR EXT.AUTOMÁTICO/HEARTSINE,PÁS P/DESFIBRILADOR AUTOMÁTICO ADULTO,44.9%,2010-12-09 00:00:00,AVALIAR: Similaridade moderada (44.9%) com consumível 'PÁS P/DESFIBRILADOR AUTOMÁTICO ADULTO...'. Possível reclassificação.
1.63 PIRITUBA,1018024,MACA SKED P/MOVIMENTAÇÃO VERT./ORTOPRATIKA,MACA ENVELOPE TIPO SKED,28.4%,2012-01-26 00:00:00,MANTER: Similaridade muito baixa (28.4%). Mantém como patrimônio.
1.63 PIRITUBA,1018025,MACA SKED P/MOVIMENTAÇÃO VERT./ORTOPRATIKA,MACA ENVELOPE TIPO SKED,28.4%,2012-01-26 00:00:00,MANTER: Similaridade muito baixa (28.4%). Mantém como patrimônio.
1.63 PIRITUBA,1018026,MACA SKED P/MOVIMENTAÇÃO VERT./ORTOPRATIKA,MACA ENVELOPE TIPO SKED,28.4%,2012-01-26 00:00:00,MANTER: Similaridade muito baixa (28.4%). Mantém como patrimônio.
1.63 PIRITUBA,1234183,DESFIBRILADOR EXT. AUTOMÁTICO C/FEEDBACK,PÁS P/DESFIBRILADOR AUTOMÁTICO ADULTO,43.9%,2020-03-11 00:00:00,AVALIAR: Similaridade moderada (43.9%) com consumível 'PÁS P/DESFIBRILADOR AUTOMÁTICO ADULTO...'. Possível reclassificação.
1.64 MAUÁ,1233002,DESFIBRILADOR EXT. AUTOMÁTICO C/FEEDBACK,PÁS P/DESFIBRILADOR AUTOMÁTICO ADULTO,43.9%,2020-01-31 00:00:00,AVALIAR: Similaridade moderada (43.9%) com consumível 'PÁS P/DESFIBRILADOR AUTOMÁTICO ADULTO...'. Possível reclassificação.
1.64 MAUÁ,1207724,CADEIRA DE RODAS C/APOIO P/PERNAS/JAGUARIBE,PEDAL APOIO PÉS PLÁST. P/CADEIRA RODAS,36.0%,2018-07-11 00:00:00,MANTER: Baixa similaridade (36.0%) com consumível 'PEDAL APOIO PÉS PLÁST. P/CADEIRA RODAS...'. Provavelmente corretamente classificado.
1.64 MAUÁ,1207725,CADEIRA DE RODAS C/APOIO P/PERNAS/JAGUARIBE,PEDAL APOIO PÉS PLÁST. P/CADEIRA RODAS,36.0%,2018-07-11 00:00:00,MANTER: Baixa similaridade (36.0%) com consumível 'PEDAL APOIO PÉS PLÁST. P/CADEIRA RODAS...'. Provavelmente corretamente classificado.
2.01 SANTOS,1234260,DESFIBRILADOR EXT. AUTOMÁTICO C/FEEDBACK,PÁS P/DESFIBRILADOR AUTOMÁTICO ADULTO,43.9%,2020-03-04 00:00:00,AVALIAR: Similaridade moderada (43.9%) com consumível 'PÁS P/DESFIBRILADOR AUTOMÁTICO ADULTO...'. Possível reclassificação.
2.01 SANTOS,966904,DESFIBRILADOR EXT.AUTOMÁTICO/HEARTSINE,PÁS P/DESFIBRILADOR AUTOMÁTICO ADULTO,44.9%,2010-12-10 00:00:00,AVALIAR: Similaridade moderada (44.9%) com consumível 'PÁS P/DESFIBRILADOR AUTOMÁTICO ADULTO...'. Possível reclassificação.
2.01 SANTOS,1239043,DOSÍMETRO - MEDIDOR DE DOSE DE RUIDO,MEDIDOR DE DISCO DE FREIO,32.0%,2021-02-24 00:00:00,MANTER: Baixa similaridade (32.0%) com consumível 'MEDIDOR DE DISCO DE FREIO...'. Provavelmente corretamente classificado.
2.02 CUBATÃO,1234195,DESFIBRILADOR EXT. AUTOMÁTICO C/FEEDBACK,PÁS P/DESFIBRILADOR AUTOMÁTICO ADULTO,43.9%,2020-03-10 00:00:00,AVALIAR: Similaridade moderada (43.9%) com consumível 'PÁS P/DESFIBRILADOR AUTOMÁTICO ADULTO...'. Possível reclassificação.
2.02 CUBATÃO,1229017,CADEIRA DE RODAS C/APOIO P/PERNAS,PEDAL APOIO PÉS PLÁST. P/CADEIRA RODAS,41.1%,2019-12-12 00:00:00,AVALIAR: Similaridade moderada (41.1%) com consumível 'PEDAL APOIO PÉS PLÁST. P/CADEIRA RODAS...'. Possível reclassificação.
2.60 REGISTRO,1236897,CADEIRA DE RODAS C/APOIO P/PERNAS,PEDAL APOIO PÉS PLÁST. P/CADEIRA RODAS,41.1%,2020-12-15 00:00:00,AVALIAR: Similaridade moderada (41.1%) com consumível 'PEDAL APOIO PÉS PLÁST. P/CADEIRA RODAS...'. Possível reclassificação.
2.60 REGISTRO,1232963,DESFIBRILADOR EXT. AUTOMÁTICO C/FEEDBACK,PÁS P/DESFIBRILADOR AUTOMÁTICO ADULTO,43.9%,2020-01-31 00:00:00,AVALIAR: Similaridade moderada (43.9%) com consumível 'PÁS P/DESFIBRILADOR AUTOMÁTICO ADULTO...'. Possível reclassificação.
3.01 TAUBATÉ,1234299,DESFIBRILADOR EXT. AUTOMÁTICO C/FEEDBACK,PÁS P/DESFIBRILADOR AUTOMÁTICO ADULTO,43.9%,2020-03-20 00:00:00,AVALIAR: Similaridade moderada (43.9%) com consumível 'PÁS P/DESFIBRILADOR AUTOMÁTICO ADULTO...'. Possível reclassificação.
3.02 SÃO JOSÉ DOS CAMPOS,1127975,MACA P/RESGATE EM POLIETILENO/ORTOPRATIKA,MACA P/RESGATE DE POLIETILENO,76.5%,2014-10-23 00:00:00,RECLASSIFICAR: Alta similaridade (76.5%) com consumível 'MACA P/RESGATE DE POLIETILENO...'. Forte indicação de má classificação.
3.02 SÃO JOSÉ DOS CAMPOS,945415,PRANCHA LONGA DE RESGATE PLÁST/MARIMAR,CAPA P/PRANCHA DE RESGATE,40.5%,2010-06-11 00:00:00,AVALIAR: Similaridade moderada (40.5%) com consumível 'CAPA P/PRANCHA DE RESGATE...'. Possível reclassificação.
3.02 SÃO JOSÉ DOS CAMPOS,271764,METROSCOPIO HORIZONTAL UNIVERSAL ZEISS,BUCHA UNIVERSAL 6'',29.3%,1973-08-31 00:00:00,MANTER: Similaridade muito baixa (29.3%). Mantém como patrimônio.
3.02 SÃO JOSÉ DOS CAMPOS,969294,DESFIBRILADOR EXT. AUTOMÁTICO /HEARTSINE,PÁS P/DESFIBRILADOR AUTOMÁTICO ADULTO,44.9%,2010-12-15 00:00:00,AVALIAR: Similaridade moderada (44.9%) com consumível 'PÁS P/DESFIBRILADOR AUTOMÁTICO ADULTO...'. Possível reclassificação.
3.02 SÃO JOSÉ DOS CAMPOS,1234218,DESFIBRILADOR EXT. AUTOMÁTICO C/FEEDBACK,PÁS P/DESFIBRILADOR AUTOMÁTICO ADULTO,43.9%,2020-03-16 00:00:00,AVALIAR: Similaridade moderada (43.9%) com consumível 'PÁS P/DESFIBRILADOR AUTOMÁTICO ADULTO...'. Possível reclassificação.
3.03 JACAREÍ,1108383,MACA SKED P/MOVIMENTAÇÃO VERTICAL/ORTOCENTER,MACA FLEXÍVEL PARA RESGATE VERTICAL,35.2%,2014-07-02 00:00:00,MANTER: Baixa similaridade (35.2%) com consumível 'MACA FLEXÍVEL PARA RESGATE VERTICAL...'. Provavelmente corretamente classificado.
3.03 JACAREÍ,795134,SISTEMA DE MOVIMEN. E RESGATE-TASK-16441,SISTEMA DE MOVIMENTAÇÃO E RESGATE,46.7%,2007-10-04 00:00:00,AVALIAR: Similaridade moderada (46.7%) com consumível 'SISTEMA DE MOVIMENTAÇÃO E RESGATE...'. Possível reclassificação.
3.03 JACAREÍ,795135,TRIPÉ P/RESGATE POR IÇAMENTO V.-SUPER TASK,TRIPÉ P/REBATEDOR,27.2%,2007-10-04 00:00:00,MANTER: Similaridade muito baixa (27.2%). Mantém como patrimônio.
3.03 JACAREÍ,795136,MACA P/ MOVIMENTAÇÃO VERTICAL-TASK STR,MACA FLEXÍVEL PARA RESGATE VERTICAL,35.0%,2007-10-04 00:00:00,MANTER: Baixa similaridade (35.0%) com consumível 'MACA FLEXÍVEL PARA RESGATE VERTICAL...'. Provavelmente corretamente classificado.
3.03 JACAREÍ,1234283,DESFIBRILADOR EXT. AUTOMÁTICO C/FEEDBACK,PÁS P/DESFIBRILADOR AUTOMÁTICO ADULTO,43.9%,2020-03-10 00:00:00,AVALIAR: Similaridade moderada (43.9%) com consumível 'PÁS P/DESFIBRILADOR AUTOMÁTICO ADULTO...'. Possível reclassificação.
3.03 JACAREÍ,969696,DESFIBRILADOR EXT.AUTOMÁTICO / HEARTSINE,PÁS P/DESFIBRILADOR AUTOMÁTICO ADULTO,44.9%,2011-01-04 00:00:00,AVALIAR: Similaridade moderada (44.9%) com consumível 'PÁS P/DESFIBRILADOR AUTOMÁTICO ADULTO...'. Possível reclassificação.
3.60 PINDAMONHANGABA,1287205,DOSÍMETRO - MEDIDOR DE DOSE DE RUÍDO,MEDIDOR DE DISCO DE FREIO,32.0%,2023-12-29 00:00:00,MANTER: Baixa similaridade (32.0%) com consumível 'MEDIDOR DE DISCO DE FREIO...'. Provavelmente corretamente classificado.
3.60 PINDAMONHANGABA,1234199,DESFIBRILADOR EXT. AUTOMÁTICO C/FEEDBACK,PÁS P/DESFIBRILADOR AUTOMÁTICO ADULTO,43.9%,2020-03-09 00:00:00,AVALIAR: Similaridade moderada (43.9%) com consumível 'PÁS P/DESFIBRILADOR AUTOMÁTICO ADULTO...'. Possível reclassificação.
3.90 CRUZEIRO,1170225,MACA P/RESGATE EM POLIETILENO /,MACA P/RESGATE DE POLIETILENO,99.0%,2016-08-01 00:00:00,RECLASSIFICAR: Altíssima similaridade (99.0%) com consumível 'MACA P/RESGATE DE POLIETILENO...'. Item claramente mal classificado como patrimônio.
3.90 CRUZEIRO,1234669,DESFIBRILADOR EXT. AUTOMÁTICO C/FEEDBACK,PÁS P/DESFIBRILADOR AUTOMÁTICO ADULTO,43.9%,2020-03-20 00:00:00,AVALIAR: Similaridade moderada (43.9%) com consumível 'PÁS P/DESFIBRILADOR AUTOMÁTICO ADULTO...'. Possível reclassificação.
3.90 CRUZEIRO,1170226,MACA P/RESGATE EM POLIETILENO /,MACA P/RESGATE DE POLIETILENO,99.0%,2016-08-01 00:00:00,RECLASSIFICAR: Altíssima similaridade (99.0%) com consumível 'MACA P/RESGATE DE POLIETILENO...'. Item claramente mal classificado como patrimônio.
3.90 CRUZEIRO,1170227,MACA P/RESGATE EM POLIETILENO /,MACA P/RESGATE DE POLIETILENO,99.0%,2016-08-01 00:00:00,RECLASSIFICAR: Altíssima similaridade (99.0%) com consumível 'MACA P/RESGATE DE POLIETILENO...'. Item claramente mal classificado como patrimônio.
4.01 ITÚ,1234219,DESFIBRILADOR EXT. AUTOMÁTICO C/FEEDBACK,PÁS P/DESFIBRILADOR AUTOMÁTICO ADULTO,43.9%,2020-03-16 00:00:00,AVALIAR: Similaridade moderada (43.9%) com consumível 'PÁS P/DESFIBRILADOR AUTOMÁTICO ADULTO...'. Possível reclassificação.
4.01 ITÚ,1280950,ÓCULOS PARA TECNOLOGIA ASSISTIVA,ÓCULOS LEOPARDO INCOLOR,30.4%,2023-10-25 00:00:00,MANTER: Baixa similaridade (30.4%) com consumível 'ÓCULOS LEOPARDO INCOLOR...'. Provavelmente corretamente classificado.
4.01 ITÚ,1280951,ÓCULOS PARA TECNOLOGIA ASSISTIVA,ÓCULOS LEOPARDO INCOLOR,30.4%,2023-10-25 00:00:00,MANTER: Baixa similaridade (30.4%) com consumível 'ÓCULOS LEOPARDO INCOLOR...'. Provavelmente corretamente classificado.
4.01 ITÚ,967039,DESFIBRILADOR EXT.AUTOMÁTICO/HEARTSINE,PÁS P/DESFIBRILADOR AUTOMÁTICO ADULTO,44.9%,2010-12-09 00:00:00,AVALIAR: Similaridade moderada (44.9%) com consumível 'PÁS P/DESFIBRILADOR AUTOMÁTICO ADULTO...'. Possível reclassificação.
4.01 ITÚ,1287207,DESFIBRILADOR EXT. AUTOMÁTICO C/FEEDBAC,PÁS P/DESFIBRILADOR AUTOMÁTICO ADULTO,44.1%,2023-12-30 00:00:00,AVALIAR: Similaridade moderada (44.1%) com consumível 'PÁS P/DESFIBRILADOR AUTOMÁTICO ADULTO...'. Possível reclassificação.
4.02 SOROCABA,1279914,CADEIRA DE RODAS C/APOIO P/PERNAS,PEDAL APOIO PÉS PLÁST. P/CADEIRA RODAS,41.1%,2023-09-15 00:00:00,AVALIAR: Similaridade moderada (41.1%) com consumível 'PEDAL APOIO PÉS PLÁST. P/CADEIRA RODAS...'. Possível reclassificação.
4.02 SOROCABA,1234272,DESFIBRILADOR EXT. AUTOMÁTICO C/FEEDBACK,PÁS P/DESFIBRILADOR AUTOMÁTICO ADULTO,43.9%,2020-03-20 00:00:00,AVALIAR: Similaridade moderada (43.9%) com consumível 'PÁS P/DESFIBRILADOR AUTOMÁTICO ADULTO...'. Possível reclassificação.
4.03 ALUMÍNIO,1259646,EQUIPAMENTO SIMULADOR DESFRIBILADOR EXT.,MONITOR P/SIMULADOR DE EMPILHADEIRA,31.0%,2022-07-25 00:00:00,MANTER: Baixa similaridade (31.0%) com consumível 'MONITOR P/SIMULADOR DE EMPILHADEIRA...'. Provavelmente corretamente classificado.
4.03 ALUMÍNIO,1279794,CADEIRA DE RODAS C/APOIO P/PERNAS,PEDAL APOIO PÉS PLÁST. P/CADEIRA RODAS,41.1%,2023-09-12 00:00:00,AVALIAR: Similaridade moderada (41.1%) com consumível 'PEDAL APOIO PÉS PLÁST. P/CADEIRA RODAS...'. Possível reclassificação.
4.03 ALUMÍNIO,1286361,DESFIBRILADOR EXT. AUTOMÁTICO C/FEEDBAC,PÁS P/DESFIBRILADOR AUTOMÁTICO ADULTO,44.1%,2023-12-26 00:00:00,AVALIAR: Similaridade moderada (44.1%) com consumível 'PÁS P/DESFIBRILADOR AUTOMÁTICO ADULTO...'. Possível reclassificação.
4.04 SOROCABA,1286513,EQUIPAMENTO SIMULADOR DESFRIBILADOR EXT.,MONITOR P/SIMULADOR DE EMPILHADEIRA,31.0%,2023-12-29 00:00:00,MANTER: Baixa similaridade (31.0%) com consumível 'MONITOR P/SIMULADOR DE EMPILHADEIRA...'. Provavelmente corretamente classificado.
4.04 SOROCABA,967053,DESFIBRILADOR EXT.AUTOMÁTICO/HEARTSINE,PÁS P/DESFIBRILADOR AUTOMÁTICO ADULTO,44.9%,2010-12-10 00:00:00,AVALIAR: Similaridade moderada (44.9%) com consumível 'PÁS P/DESFIBRILADOR AUTOMÁTICO ADULTO...'. Possível reclassificação.
4.04 SOROCABA,1148706,DESFIBRILADOR EXTERNO AUTOMÁTICO / HEART SINE,PÁS P/DESFIBRILADOR AUTOMÁTICO ADULTO,40.2%,2015-12-28 00:00:00,AVALIAR: Similaridade moderada (40.2%) com consumível 'PÁS P/DESFIBRILADOR AUTOMÁTICO ADULTO...'. Possível reclassificação.
4.04 SOROCABA,1163338,CADEIRA DE RODAS C/APOIO P/PERNAS / PROLIFE,PEDAL APOIO PÉS PLÁST. P/CADEIRA RODAS,36.2%,2016-04-11 00:00:00,MANTER: Baixa similaridade (36.2%) com consumível 'PEDAL APOIO PÉS PLÁST. P/CADEIRA RODAS...'. Provavelmente corretamente classificado.
4.04 SOROCABA,1286511,DESFIBRILADOR EXT. AUTOMÁTICO C/FEEDBAC,PÁS P/DESFIBRILADOR AUTOMÁTICO ADULTO,44.1%,2023-12-29 00:00:00,AVALIAR: Similaridade moderada (44.1%) com consumível 'PÁS P/DESFIBRILADOR AUTOMÁTICO ADULTO...'. Possível reclassificação.
4.04 SOROCABA,1286544,DOSÍMETRO - MEDIDOR DE DOSE DE RUÍDO,MEDIDOR DE DISCO DE FREIO,32.0%,2023-12-29 00:00:00,MANTER: Baixa similaridade (32.0%) com consumível 'MEDIDOR DE DISCO DE FREIO...'. Provavelmente corretamente classificado.
4.04 SOROCABA,1286545,DOSÍMETRO - MEDIDOR DE DOSE DE RUÍDO,MEDIDOR DE DISCO DE FREIO,32.0%,2023-12-29 00:00:00,MANTER: Baixa similaridade (32.0%) com consumível 'MEDIDOR DE DISCO DE FREIO...'. Provavelmente corretamente classificado.
4.04 SOROCABA,1149939,MACA P/RESGATE EM POLIETILENO / ROTOVALE,MACA P/RESGATE DE POLIETILENO,77.6%,2015-12-29 00:00:00,RECLASSIFICAR: Alta similaridade (77.6%) com consumível 'MACA P/RESGATE DE POLIETILENO...'. Forte indicação de má classificação.
4.04 SOROCABA,1149937,MACA P/RESGATE EM POLIETILENO / ROTOVALE,MACA P/RESGATE DE POLIETILENO,77.6%,2015-12-29 00:00:00,RECLASSIFICAR: Alta similaridade (77.6%) com consumível 'MACA P/RESGATE DE POLIETILENO...'. Forte indicação de má classificação.
4.99 MAIRINQUE,1242808,CADEIRA DE RODAS C/APOIO P/PERNAS,PEDAL APOIO PÉS PLÁST. P/CADEIRA RODAS,41.1%,2021-10-28 00:00:00,AVALIAR: Similaridade moderada (41.1%) com consumível 'PEDAL APOIO PÉS PLÁST. P/CADEIRA RODAS...'. Possível reclassificação.
4.99 MAIRINQUE,1234226,DESFIBRILADOR EXT. AUTOMÁTICO C/FEEDBACK,PÁS P/DESFIBRILADOR AUTOMÁTICO ADULTO,43.9%,2020-03-03 00:00:00,AVALIAR: Similaridade moderada (43.9%) com consumível 'PÁS P/DESFIBRILADOR AUTOMÁTICO ADULTO...'. Possível reclassificação.
4.99 MAIRINQUE,967072,DESFIBRILADOR EXT.AUTOMÁTICO/HEARTSINE,PÁS P/DESFIBRILADOR AUTOMÁTICO ADULTO,44.9%,2010-12-09 00:00:00,AVALIAR: Similaridade moderada (44.9%) com consumível 'PÁS P/DESFIBRILADOR AUTOMÁTICO ADULTO...'. Possível reclassificação.
5.01 CAMPINAS,1234285,DESFIBRILADOR EXT. AUTOMÁTICO C/FEEDBACK,PÁS P/DESFIBRILADOR AUTOMÁTICO ADULTO,43.9%,2020-03-20 00:00:00,AVALIAR: Similaridade moderada (43.9%) com consumível 'PÁS P/DESFIBRILADOR AUTOMÁTICO ADULTO...'. Possível reclassificação.
5.01 CAMPINAS,967084,DESFIBRILADOR EXT.AUTOMÁTICO/HEARTSINE,PÁS P/DESFIBRILADOR AUTOMÁTICO ADULTO,44.9%,2010-12-09 00:00:00,AVALIAR: Similaridade moderada (44.9%) com consumível 'PÁS P/DESFIBRILADOR AUTOMÁTICO ADULTO...'. Possível reclassificação.
5.01 CAMPINAS,1041831,CADEIRA DE RODAS,BUCHA DO GARFO CADEIRA DE RODAS,55.4%,2012-07-31 00:00:00,AVALIAR: Similaridade moderada (55.4%) com consumível 'BUCHA DO GARFO CADEIRA DE RODAS...'. Possível reclassificação.
5.01 CAMPINAS,1041832,CADEIRA DE RODAS,BUCHA DO GARFO CADEIRA DE RODAS,55.4%,2012-07-31 00:00:00,AVALIAR: Similaridade moderada (55.4%) com consumível 'BUCHA DO GARFO CADEIRA DE RODAS...'. Possível reclassificação.
5.02 JUNDIAÍ,1234185,DESFIBRILADOR EXT. AUTOMÁTICO C/FEEDBACK,PÁS P/DESFIBRILADOR AUTOMÁTICO ADULTO,43.9%,2020-03-10 00:00:00,AVALIAR: Similaridade moderada (43.9%) com consumível 'PÁS P/DESFIBRILADOR AUTOMÁTICO ADULTO...'. Possível reclassificação.
5.02 JUNDIAÍ,540692,BALANCA ANTROPOMETRICA FILIZOLA 150KG,TRENA ANTROPOMÉTRICA,31.9%,1991-05-31 00:00:00,MANTER: Baixa similaridade (31.9%) com consumível 'TRENA ANTROPOMÉTRICA...'. Provavelmente corretamente classificado.
5.03 PIRACICABA,1234286,DESFIBRILADOR EXT. AUTOMÁTICO C/FEEDBACK,PÁS P/DESFIBRILADOR AUTOMÁTICO ADULTO,43.9%,2020-03-20 00:00:00,AVALIAR: Similaridade moderada (43.9%) com consumível 'PÁS P/DESFIBRILADOR AUTOMÁTICO ADULTO...'. Possível reclassificação.
5.03 PIRACICABA,1356443,CADEIRA DE RODAS C/APOIO P/PERNAS,PEDAL APOIO PÉS PLÁST. P/CADEIRA RODAS,41.1%,2025-06-05 00:00:00,AVALIAR: Similaridade moderada (41.1%) com consumível 'PEDAL APOIO PÉS PLÁST. P/CADEIRA RODAS...'. Possível reclassificação.
5.05 LIMEIRA,1130507,DESFIBRILADOR EXTERNO AUTOMÁTICO/HEARTSINE S,PÁS P/DESFIBRILADOR AUTOMÁTICO ADULTO,43.3%,2014-11-14 00:00:00,AVALIAR: Similaridade moderada (43.3%) com consumível 'PÁS P/DESFIBRILADOR AUTOMÁTICO ADULTO...'. Possível reclassificação.
5.05 LIMEIRA,1352398,EQUIPAMENTO SIMULADOR DESFRIBILADOR EXT.,MONITOR P/SIMULADOR DE EMPILHADEIRA,31.0%,2025-04-29 00:00:00,MANTER: Baixa similaridade (31.0%) com consumível 'MONITOR P/SIMULADOR DE EMPILHADEIRA...'. Provavelmente corretamente classificado.
5.06 RIO CLARO,1234198,DESFIBRILADOR EXT. AUTOMÁTICO C/FEEDBACK,PÁS P/DESFIBRILADOR AUTOMÁTICO ADULTO,43.9%,2020-03-11 00:00:00,AVALIAR: Similaridade moderada (43.9%) com consumível 'PÁS P/DESFIBRILADOR AUTOMÁTICO ADULTO...'. Possível reclassificação.
5.07 AMERICANA,1234671,DESFIBRILADOR EXT. AUTOMÁTICO C/FEEDBACK,PÁS P/DESFIBRILADOR AUTOMÁTICO ADULTO,43.9%,2020-03-27 00:00:00,AVALIAR: Similaridade moderada (43.9%) com consumível 'PÁS P/DESFIBRILADOR AUTOMÁTICO ADULTO...'. Possível reclassificação.
5.07 AMERICANA,1279764,CADEIRA DE RODAS C/APOIO P/PERNAS,PEDAL APOIO PÉS PLÁST. P/CADEIRA RODAS,41.1%,2023-09-06 00:00:00,AVALIAR: Similaridade moderada (41.1%) com consumível 'PEDAL APOIO PÉS PLÁST. P/CADEIRA RODAS...'. Possível reclassificação.
5.07 AMERICANA,1310117,GUINCHO P/ELEVAÇÃO DE ACAMADOS,CINTA P/ELEVAÇÃO DE CARGA 4T 8m,33.7%,2024-12-05 00:00:00,MANTER: Baixa similaridade (33.7%) com consumível 'CINTA P/ELEVAÇÃO DE CARGA 4T 8m...'. Provavelmente corretamente classificado.
5.07 AMERICANA,966035,DESFIBRILADOR EXT.AUTOMÁTICO/HEARTSINE,PÁS P/DESFIBRILADOR AUTOMÁTICO ADULTO,44.9%,2010-12-09 00:00:00,AVALIAR: Similaridade moderada (44.9%) com consumível 'PÁS P/DESFIBRILADOR AUTOMÁTICO ADULTO...'. Possível reclassificação.
5.07 AMERICANA,1264313,DOSÍMETRO - MEDIDOR DE DOSE DE RUIDO,MEDIDOR DE DISCO DE FREIO,32.0%,2022-10-11 00:00:00,MANTER: Baixa similaridade (32.0%) com consumível 'MEDIDOR DE DISCO DE FREIO...'. Provavelmente corretamente classificado.
5.08 ITATIBA,1234676,DESFIBRILADOR EXT. AUTOMÁTICO C/FEEDBACK,PÁS P/DESFIBRILADOR AUTOMÁTICO ADULTO,43.9%,2020-04-03 00:00:00,AVALIAR: Similaridade moderada (43.9%) com consumível 'PÁS P/DESFIBRILADOR AUTOMÁTICO ADULTO...'. Possível reclassificação.
5.09 CAMPINAS,1234747,DESFIBRILADOR EXT. AUTOMÁTICO C/FEEDBACK,PÁS P/DESFIBRILADOR AUTOMÁTICO ADULTO,43.9%,2020-04-03 00:00:00,AVALIAR: Similaridade moderada (43.9%) com consumível 'PÁS P/DESFIBRILADOR AUTOMÁTICO ADULTO...'. Possível reclassificação.
5.09 CAMPINAS,967096,DESFIBRILADOR EXT.AUTOMÁTICO/HEARTSINE,PÁS P/DESFIBRILADOR AUTOMÁTICO ADULTO,44.9%,2010-12-10 00:00:00,AVALIAR: Similaridade moderada (44.9%) com consumível 'PÁS P/DESFIBRILADOR AUTOMÁTICO ADULTO...'. Possível reclassificação.
5.10 PIRACICABA,1356657,CADEIRA DE RODAS C/APOIO P/PERNAS,PEDAL APOIO PÉS PLÁST. P/CADEIRA RODAS,41.1%,2025-06-06 00:00:00,AVALIAR: Similaridade moderada (41.1%) com consumível 'PEDAL APOIO PÉS PLÁST. P/CADEIRA RODAS...'. Possível reclassificação.
5.10 PIRACICABA,1234255,DESFIBRILADOR EXT. AUTOMÁTICO C/FEEDBACK,PÁS P/DESFIBRILADOR AUTOMÁTICO ADULTO,43.9%,2020-03-19 00:00:00,AVALIAR: Similaridade moderada (43.9%) com consumível 'PÁS P/DESFIBRILADOR AUTOMÁTICO ADULTO...'. Possível reclassificação.
5.12 SUMARÉ,1234789,DESFIBRILADOR EXT. AUTOMÁTICO C/FEEDBACK,PÁS P/DESFIBRILADOR AUTOMÁTICO ADULTO,43.9%,2020-04-03 00:00:00,AVALIAR: Similaridade moderada (43.9%) com consumível 'PÁS P/DESFIBRILADOR AUTOMÁTICO ADULTO...'. Possível reclassificação.
5.13 JAGUARIÚNA,1130473,CADEIRA DE RODAS C/APOIO P/PERNAS/ OTTO BOCK,PEDAL APOIO PÉS PLÁST. P/CADEIRA RODAS,33.1%,2014-11-18 00:00:00,MANTER: Baixa similaridade (33.1%) com consumível 'PEDAL APOIO PÉS PLÁST. P/CADEIRA RODAS...'. Provavelmente corretamente classificado.
5.13 JAGUARIÚNA,1234791,DESFIBRILADOR EXT. AUTOMÁTICO C/FEEDBACK,PÁS P/DESFIBRILADOR AUTOMÁTICO ADULTO,43.9%,2020-04-14 00:00:00,AVALIAR: Similaridade moderada (43.9%) com consumível 'PÁS P/DESFIBRILADOR AUTOMÁTICO ADULTO...'. Possível reclassificação.
5.13 JAGUARIÚNA,1114360,MACA SKED PARA MOVIMENTAÇÃO VERTICAL/ORTOCENTER,MACA FLEXÍVEL PARA RESGATE VERTICAL,36.8%,2014-07-16 00:00:00,MANTER: Baixa similaridade (36.8%) com consumível 'MACA FLEXÍVEL PARA RESGATE VERTICAL...'. Provavelmente corretamente classificado.
5.13 JAGUARIÚNA,967947,DESFIBRILADOR EXT.AUTOMÁTICO/HEARTSINE,PÁS P/DESFIBRILADOR AUTOMÁTICO ADULTO,44.9%,2010-12-09 00:00:00,AVALIAR: Similaridade moderada (44.9%) com consumível 'PÁS P/DESFIBRILADOR AUTOMÁTICO ADULTO...'. Possível reclassificação.
5.14 SANTA BÁRBARA D'OESTE,1234258,DESFIBRILADOR EXT. AUTOMÁTICO C/FEEDBACK,PÁS P/DESFIBRILADOR AUTOMÁTICO ADULTO,43.9%,2020-03-17 00:00:00,AVALIAR: Similaridade moderada (43.9%) com consumível 'PÁS P/DESFIBRILADOR AUTOMÁTICO ADULTO...'. Possível reclassificação.
5.61 RAFARD,1234300,DESFIBRILADOR EXT. AUTOMÁTICO C/FEEDBACK,PÁS P/DESFIBRILADOR AUTOMÁTICO ADULTO,43.9%,2020-03-23 00:00:00,AVALIAR: Similaridade moderada (43.9%) com consumível 'PÁS P/DESFIBRILADOR AUTOMÁTICO ADULTO...'. Possível reclassificação.
5.62 INDAIATUBA,1233447,DESFIBRILADOR EXT. AUTOMÁTICO C/FEEDBACK,PÁS P/DESFIBRILADOR AUTOMÁTICO ADULTO,43.9%,2020-02-07 00:00:00,AVALIAR: Similaridade moderada (43.9%) com consumível 'PÁS P/DESFIBRILADOR AUTOMÁTICO ADULTO...'. Possível reclassificação.
5.62 INDAIATUBA,1254873,CÂMERA TÉRMICA DE BOLSO,CÂMERA TÉRMICA ARDUÍNO AMG8833 8X8,41.2%,2022-02-16 00:00:00,AVALIAR: Similaridade moderada (41.2%) com consumível 'CÂMERA TÉRMICA ARDUÍNO AMG8833 8X8...'. Possível reclassificação.
5.62 INDAIATUBA,749165,MANEQUIM ADULTO P/TREIN.RESPIRACAO CARDI,MANEQUIM MASCULINO PARA EXPOSIÇÃO DE EPI,26.0%,2006-04-30 00:00:00,MANTER: Similaridade muito baixa (26.0%). Mantém como patrimônio.
5.63 MOGI-GUAÇU,1306549,SIMULADOR DE DESFIBRILADOR AUTOMÁTICO,PÁS P/DESFIBRILADOR AUTOMÁTICO ADULTO,49.9%,2024-09-12 00:00:00,AVALIAR: Similaridade moderada (49.9%) com consumível 'PÁS P/DESFIBRILADOR AUTOMÁTICO ADULTO...'. Possível reclassificação.
5.63 MOGI-GUAÇU,1306550,SIMULADOR DE DESFIBRILADOR AUTOMÁTICO,PÁS P/DESFIBRILADOR AUTOMÁTICO ADULTO,49.9%,2024-09-12 00:00:00,AVALIAR: Similaridade moderada (49.9%) com consumível 'PÁS P/DESFIBRILADOR AUTOMÁTICO ADULTO...'. Possível reclassificação.
5.63 MOGI-GUAÇU,1306551,SIMULADOR DE DESFIBRILADOR AUTOMÁTICO,PÁS P/DESFIBRILADOR AUTOMÁTICO ADULTO,49.9%,2024-09-12 00:00:00,AVALIAR: Similaridade moderada (49.9%) com consumível 'PÁS P/DESFIBRILADOR AUTOMÁTICO ADULTO...'. Possível reclassificação.
5.63 MOGI-GUAÇU,967162,DESFIBRILADOR EXT.AUTOMÁTICO/HEARTSINE,PÁS P/DESFIBRILADOR AUTOMÁTICO ADULTO,44.9%,2010-12-10 00:00:00,AVALIAR: Similaridade moderada (44.9%) com consumível 'PÁS P/DESFIBRILADOR AUTOMÁTICO ADULTO...'. Possível reclassificação.
5.63 MOGI-GUAÇU,1234667,DESFIBRILADOR EXT. AUTOMÁTICO C/FEEDBACK,PÁS P/DESFIBRILADOR AUTOMÁTICO ADULTO,43.9%,2020-03-31 00:00:00,AVALIAR: Similaridade moderada (43.9%) com consumível 'PÁS P/DESFIBRILADOR AUTOMÁTICO ADULTO...'. Possível reclassificação.
5.64 VALINHOS,1234670,DESFIBRILADOR EXT. AUTOMÁTICO C/FEEDBACK,PÁS P/DESFIBRILADOR AUTOMÁTICO ADULTO,43.9%,2020-03-31 00:00:00,AVALIAR: Similaridade moderada (43.9%) com consumível 'PÁS P/DESFIBRILADOR AUTOMÁTICO ADULTO...'. Possível reclassificação.
5.64 VALINHOS,1161753,CADEIRA DE RODAS C/APOIO P/PERNAS/ PROLIFE,PEDAL APOIO PÉS PLÁST. P/CADEIRA RODAS,36.2%,2016-04-11 00:00:00,MANTER: Baixa similaridade (36.2%) com consumível 'PEDAL APOIO PÉS PLÁST. P/CADEIRA RODAS...'. Provavelmente corretamente classificado.
5.68 CAMPO LIMPO PAULISTA,1234273,DESFIBRILADOR EXT. AUTOMÁTICO C/FEEDBACK,PÁS P/DESFIBRILADOR AUTOMÁTICO ADULTO,43.9%,2020-03-19 00:00:00,AVALIAR: Similaridade moderada (43.9%) com consumível 'PÁS P/DESFIBRILADOR AUTOMÁTICO ADULTO...'. Possível reclassificação.
5.69 PAULÍNIA,1224803,CADEIRA DE RODAS C/APOIO P/PERNAS,PEDAL APOIO PÉS PLÁST. P/CADEIRA RODAS,41.1%,2019-07-24 00:00:00,AVALIAR: Similaridade moderada (41.1%) com consumível 'PEDAL APOIO PÉS PLÁST. P/CADEIRA RODAS...'. Possível reclassificação.
5.69 PAULÍNIA,1224802,CADEIRA DE RODAS C/APOIO P/PERNAS,PEDAL APOIO PÉS PLÁST. P/CADEIRA RODAS,41.1%,2019-07-24 00:00:00,AVALIAR: Similaridade moderada (41.1%) com consumível 'PEDAL APOIO PÉS PLÁST. P/CADEIRA RODAS...'. Possível reclassificação.
5.69 PAULÍNIA,1226259,DESFIBRILADOR EXTERNO AUTOMÁTICO,PÁS P/DESFIBRILADOR AUTOMÁTICO ADULTO,48.9%,2019-10-10 00:00:00,AVALIAR: Similaridade moderada (48.9%) com consumível 'PÁS P/DESFIBRILADOR AUTOMÁTICO ADULTO...'. Possível reclassificação.
5.69 PAULÍNIA,1287206,DESFIBRILADOR EXT. AUTOMÁTICO C/FEEDBAC,PÁS P/DESFIBRILADOR AUTOMÁTICO ADULTO,44.1%,2023-12-29 00:00:00,AVALIAR: Similaridade moderada (44.1%) com consumível 'PÁS P/DESFIBRILADOR AUTOMÁTICO ADULTO...'. Possível reclassificação.
5.69 PAULÍNIA,966357,DESFIBRILADOR EXT.AUTOMÁTICO/HEARTSINE,PÁS P/DESFIBRILADOR AUTOMÁTICO ADULTO,44.9%,2010-12-09 00:00:00,AVALIAR: Similaridade moderada (44.9%) com consumível 'PÁS P/DESFIBRILADOR AUTOMÁTICO ADULTO...'. Possível reclassificação.
5.69 PAULÍNIA,1224791,SIMULADOR DE DESFIBRILADOR AUTOMÁTICO,PÁS P/DESFIBRILADOR AUTOMÁTICO ADULTO,49.9%,2019-07-24 00:00:00,AVALIAR: Similaridade moderada (49.9%) com consumível 'PÁS P/DESFIBRILADOR AUTOMÁTICO ADULTO...'. Possível reclassificação.
5.69 PAULÍNIA,1224808,APARELHO PRESSÃO ARTERIAL DIG PILHA/LUZ,APARELHO DE PRESSÃO DIGITAL PILHA/LUZ,58.7%,2019-07-24 00:00:00,AVALIAR: Similaridade moderada (58.7%) com consumível 'APARELHO DE PRESSÃO DIGITAL PILHA/LUZ...'. Possível reclassificação.
5.69 PAULÍNIA,1224809,APARELHO PRESSÃO ARTERIAL DIG PILHA/LUZ,APARELHO DE PRESSÃO DIGITAL PILHA/LUZ,58.7%,2019-07-24 00:00:00,AVALIAR: Similaridade moderada (58.7%) com consumível 'APARELHO DE PRESSÃO DIGITAL PILHA/LUZ...'. Possível reclassificação.
5.69 PAULÍNIA,1224810,APARELHO PRESSÃO ARTERIAL DIG PILHA/LUZ,APARELHO DE PRESSÃO DIGITAL PILHA/LUZ,58.7%,2019-07-24 00:00:00,AVALIAR: Similaridade moderada (58.7%) com consumível 'APARELHO DE PRESSÃO DIGITAL PILHA/LUZ...'. Possível reclassificação.
5.69 PAULÍNIA,1233299,DOSÍMETRO - MEDIDOR DE DOSE DE RUIDO,MEDIDOR DE DISCO DE FREIO,32.0%,2020-02-13 00:00:00,MANTER: Baixa similaridade (32.0%) com consumível 'MEDIDOR DE DISCO DE FREIO...'. Provavelmente corretamente classificado.
5.69 PAULÍNIA,1233300,DOSÍMETRO - MEDIDOR DE DOSE DE RUIDO,MEDIDOR DE DISCO DE FREIO,32.0%,2020-02-13 00:00:00,MANTER: Baixa similaridade (32.0%) com consumível 'MEDIDOR DE DISCO DE FREIO...'. Provavelmente corretamente classificado.
5.69 PAULÍNIA,1233301,DOSÍMETRO - MEDIDOR DE DOSE DE RUIDO,MEDIDOR DE DISCO DE FREIO,32.0%,2020-02-13 00:00:00,MANTER: Baixa similaridade (32.0%) com consumível 'MEDIDOR DE DISCO DE FREIO...'. Provavelmente corretamente classificado.
5.90 ARARAS,1234328,DESFIBRILADOR EXT. AUTOMÁTICO C/FEEDBACK,PÁS P/DESFIBRILADOR AUTOMÁTICO ADULTO,43.9%,2020-03-25 00:00:00,AVALIAR: Similaridade moderada (43.9%) com consumível 'PÁS P/DESFIBRILADOR AUTOMÁTICO ADULTO...'. Possível reclassificação.
5.90 ARARAS,1303183,CADEIRA DE RODAS P/OBESO,BUCHA DO GARFO CADEIRA DE RODAS,45.5%,2024-04-29 00:00:00,AVALIAR: Similaridade moderada (45.5%) com consumível 'BUCHA DO GARFO CADEIRA DE RODAS...'. Possível reclassificação.
5.90 ARARAS,967171,DESFIBRILADOR EXT.AUTOMÁTICO /HEARTSINE,PÁS P/DESFIBRILADOR AUTOMÁTICO ADULTO,44.9%,2010-12-10 00:00:00,AVALIAR: Similaridade moderada (44.9%) com consumível 'PÁS P/DESFIBRILADOR AUTOMÁTICO ADULTO...'. Possível reclassificação.
5.91 BRAGANÇA PAULISTA,1234262,DESFIBRILADOR EXT. AUTOMÁTICO C/FEEDBACK,PÁS P/DESFIBRILADOR AUTOMÁTICO ADULTO,43.9%,2020-03-17 00:00:00,AVALIAR: Similaridade moderada (43.9%) com consumível 'PÁS P/DESFIBRILADOR AUTOMÁTICO ADULTO...'. Possível reclassificação.
5.92 SÃO JOÃO DA BOA VISTA,1234301,DESFIBRILADOR EXT. AUTOMÁTICO C/FEEDBACK,PÁS P/DESFIBRILADOR AUTOMÁTICO ADULTO,43.9%,2020-03-20 00:00:00,AVALIAR: Similaridade moderada (43.9%) com consumível 'PÁS P/DESFIBRILADOR AUTOMÁTICO ADULTO...'. Possível reclassificação.
5.94 IRACEMÁPOLIS,1233477,DESFIBRILADOR EXT. AUTOMÁTICO C/FEEDBACK,PÁS P/DESFIBRILADOR AUTOMÁTICO ADULTO,43.9%,2020-02-18 00:00:00,AVALIAR: Similaridade moderada (43.9%) com consumível 'PÁS P/DESFIBRILADOR AUTOMÁTICO ADULTO...'. Possível reclassificação.
5.94 IRACEMÁPOLIS,967359,DESFIBRILADOR EXT. AUTOMÁTICO HEARTSINE,PÁS P/DESFIBRILADOR AUTOMÁTICO ADULTO,44.9%,2010-08-14 00:00:00,AVALIAR: Similaridade moderada (44.9%) com consumível 'PÁS P/DESFIBRILADOR AUTOMÁTICO ADULTO...'. Possível reclassificação.
6.01 SÃO CARLOS,1234184,DESFIBRILADOR EXT. AUTOMÁTICO C/FEEDBACK,PÁS P/DESFIBRILADOR AUTOMÁTICO ADULTO,43.9%,2020-03-10 00:00:00,AVALIAR: Similaridade moderada (43.9%) com consumível 'PÁS P/DESFIBRILADOR AUTOMÁTICO ADULTO...'. Possível reclassificação.
6.02 RIBEIRÃO PRETO,1286358,DESFIBRILADOR EXT. AUTOMÁTICO C/FEEDBAC,PÁS P/DESFIBRILADOR AUTOMÁTICO ADULTO,44.1%,2023-12-14 00:00:00,AVALIAR: Similaridade moderada (44.1%) com consumível 'PÁS P/DESFIBRILADOR AUTOMÁTICO ADULTO...'. Possível reclassificação.
6.02 RIBEIRÃO PRETO,1234668,DESFIBRILADOR EXT. AUTOMÁTICO C/FEEDBACK,PÁS P/DESFIBRILADOR AUTOMÁTICO ADULTO,43.9%,2020-03-31 00:00:00,AVALIAR: Similaridade moderada (43.9%) com consumível 'PÁS P/DESFIBRILADOR AUTOMÁTICO ADULTO...'. Possível reclassificação.
6.02 RIBEIRÃO PRETO,1208850,MACA P/RESGATE EM POLIETILENO/ ROTOVALE,MACA P/RESGATE DE POLIETILENO,77.6%,2018-07-10 00:00:00,RECLASSIFICAR: Alta similaridade (77.6%) com consumível 'MACA P/RESGATE DE POLIETILENO...'. Forte indicação de má classificação.
6.02 RIBEIRÃO PRETO,1208851,MACA P/RESGATE EM POLIETILENO/ ROTOVALE,MACA P/RESGATE DE POLIETILENO,77.6%,2018-07-10 00:00:00,RECLASSIFICAR: Alta similaridade (77.6%) com consumível 'MACA P/RESGATE DE POLIETILENO...'. Forte indicação de má classificação.
6.02 RIBEIRÃO PRETO,1210297,SIMULADOR DE DESFIBRILADOR AUTOMÁTICO/SKILL,PÁS P/DESFIBRILADOR AUTOMÁTICO ADULTO,45.1%,2018-09-20 00:00:00,AVALIAR: Similaridade moderada (45.1%) com consumível 'PÁS P/DESFIBRILADOR AUTOMÁTICO ADULTO...'. Possível reclassificação.
6.02 RIBEIRÃO PRETO,1209621,APARELHO PRESSÃO ARTERIAL DIG PILHA/LUZ/ GTEC,APARELHO DE PRESSÃO DIGITAL PILHA/LUZ,52.2%,2018-08-30 00:00:00,AVALIAR: Similaridade moderada (52.2%) com consumível 'APARELHO DE PRESSÃO DIGITAL PILHA/LUZ...'. Possível reclassificação.
6.02 RIBEIRÃO PRETO,1209622,APARELHO PRESSÃO ARTERIAL DIG PILHA/LUZ/ GTEC,APARELHO DE PRESSÃO DIGITAL PILHA/LUZ,52.2%,2018-08-30 00:00:00,AVALIAR: Similaridade moderada (52.2%) com consumível 'APARELHO DE PRESSÃO DIGITAL PILHA/LUZ...'. Possível reclassificação.
6.02 RIBEIRÃO PRETO,1209623,APARELHO PRESSÃO ARTERIAL DIG PILHA/LUZ/ GTEC,APARELHO DE PRESSÃO DIGITAL PILHA/LUZ,52.2%,2018-08-30 00:00:00,AVALIAR: Similaridade moderada (52.2%) com consumível 'APARELHO DE PRESSÃO DIGITAL PILHA/LUZ...'. Possível reclassificação.
6.02 RIBEIRÃO PRETO,1209624,APARELHO PRESSÃO ARTERIAL DIG PILHA/LUZ/ GTEC,APARELHO DE PRESSÃO DIGITAL PILHA/LUZ,52.2%,2018-08-30 00:00:00,AVALIAR: Similaridade moderada (52.2%) com consumível 'APARELHO DE PRESSÃO DIGITAL PILHA/LUZ...'. Possível reclassificação.
6.03 ARARAQUARA,1286507,DESFIBRILADOR EXT. AUTOMÁTICO C/FEEDBAC,PÁS P/DESFIBRILADOR AUTOMÁTICO ADULTO,44.1%,2023-12-28 00:00:00,AVALIAR: Similaridade moderada (44.1%) com consumível 'PÁS P/DESFIBRILADOR AUTOMÁTICO ADULTO...'. Possível reclassificação.
6.03 ARARAQUARA,1234677,DESFIBRILADOR EXT. AUTOMÁTICO C/FEEDBACK,PÁS P/DESFIBRILADOR AUTOMÁTICO ADULTO,43.9%,2020-04-03 00:00:00,AVALIAR: Similaridade moderada (43.9%) com consumível 'PÁS P/DESFIBRILADOR AUTOMÁTICO ADULTO...'. Possível reclassificação.
6.03 ARARAQUARA,967193,DESFIBRILADOR EXT.AUTOMÁTICO/HEARTSINE,PÁS P/DESFIBRILADOR AUTOMÁTICO ADULTO,44.9%,2010-12-10 00:00:00,AVALIAR: Similaridade moderada (44.9%) com consumível 'PÁS P/DESFIBRILADOR AUTOMÁTICO ADULTO...'. Possível reclassificação.
6.04 FRANCA,595580,ESTETOSCOPIO MICROSONICO ELECTRONIC,ESTETOSCÓPIO MANUAL SIMPLES,30.5%,1994-01-31 00:00:00,MANTER: Baixa similaridade (30.5%) com consumível 'ESTETOSCÓPIO MANUAL SIMPLES...'. Provavelmente corretamente classificado.
6.04 FRANCA,1234238,DESFIBRILADOR EXT. AUTOMÁTICO C/FEEDBACK,PÁS P/DESFIBRILADOR AUTOMÁTICO ADULTO,43.9%,2020-03-18 00:00:00,AVALIAR: Similaridade moderada (43.9%) com consumível 'PÁS P/DESFIBRILADOR AUTOMÁTICO ADULTO...'. Possível reclassificação.
6.04 FRANCA,1279917,CADEIRA DE RODAS C/APOIO P/PERNAS,PEDAL APOIO PÉS PLÁST. P/CADEIRA RODAS,41.1%,2023-09-15 00:00:00,AVALIAR: Similaridade moderada (41.1%) com consumível 'PEDAL APOIO PÉS PLÁST. P/CADEIRA RODAS...'. Possível reclassificação.
6.04 FRANCA,1140582,DOSÍMETRO / INSTRUTHERM,MOTOR DO GONIÔMETRO P/ESPECTRÔMETRO,15.0%,2015-04-13 00:00:00,MANTER: Similaridade muito baixa (15.0%). Mantém como patrimônio.
6.04 FRANCA,1210298,SIMULADOR DE DESFIBRILADOR AUTOMÁTICO/SKILL,PÁS P/DESFIBRILADOR AUTOMÁTICO ADULTO,45.1%,2018-09-21 00:00:00,AVALIAR: Similaridade moderada (45.1%) com consumível 'PÁS P/DESFIBRILADOR AUTOMÁTICO ADULTO...'. Possível reclassificação.
6.61 SERTÃOZINHO,1255433,CÂMERA TÉRMICA DE BOLSO,CÂMERA TÉRMICA ARDUÍNO AMG8833 8X8,41.2%,2022-02-15 00:00:00,AVALIAR: Similaridade moderada (41.2%) com consumível 'CÂMERA TÉRMICA ARDUÍNO AMG8833 8X8...'. Possível reclassificação.
6.61 SERTÃOZINHO,1255434,CÂMERA TÉRMICA DE BOLSO,CÂMERA TÉRMICA ARDUÍNO AMG8833 8X8,41.2%,2022-02-15 00:00:00,AVALIAR: Similaridade moderada (41.2%) com consumível 'CÂMERA TÉRMICA ARDUÍNO AMG8833 8X8...'. Possível reclassificação.
6.61 SERTÃOZINHO,1234302,DESFIBRILADOR EXT. AUTOMÁTICO C/FEEDBACK,PÁS P/DESFIBRILADOR AUTOMÁTICO ADULTO,43.9%,2020-03-12 00:00:00,AVALIAR: Similaridade moderada (43.9%) com consumível 'PÁS P/DESFIBRILADOR AUTOMÁTICO ADULTO...'. Possível reclassificação.
6.61 SERTÃOZINHO,967195,DESFIBRILADOR EXT.AUTOMÁTICO/HEARTSINE,PÁS P/DESFIBRILADOR AUTOMÁTICO ADULTO,44.9%,2010-12-10 00:00:00,AVALIAR: Similaridade moderada (44.9%) com consumível 'PÁS P/DESFIBRILADOR AUTOMÁTICO ADULTO...'. Possível reclassificação.
6.62 MATÃO,1234206,DESFIBRILADOR EXT. AUTOMÁTICO C/FEEDBACK,PÁS P/DESFIBRILADOR AUTOMÁTICO ADULTO,43.9%,2020-03-11 00:00:00,AVALIAR: Similaridade moderada (43.9%) com consumível 'PÁS P/DESFIBRILADOR AUTOMÁTICO ADULTO...'. Possível reclassificação.
7.01 BAURU,969882,DESFIBRILADOR EXT.AUTOMÁTICO/ HEARTSINE,PÁS P/DESFIBRILADOR AUTOMÁTICO ADULTO,44.9%,2011-01-03 00:00:00,AVALIAR: Similaridade moderada (44.9%) com consumível 'PÁS P/DESFIBRILADOR AUTOMÁTICO ADULTO...'. Possível reclassificação.
7.01 BAURU,1234329,DESFIBRILADOR EXT. AUTOMÁTICO C/FEEDBACK,PÁS P/DESFIBRILADOR AUTOMÁTICO ADULTO,43.9%,2020-03-25 00:00:00,AVALIAR: Similaridade moderada (43.9%) com consumível 'PÁS P/DESFIBRILADOR AUTOMÁTICO ADULTO...'. Possível reclassificação.
7.01 BAURU,1018023,MACA SKED P/MOVIMENTAÇÃO VERT./ORTOPRATIKA,MACA ENVELOPE TIPO SKED,28.4%,2012-01-26 00:00:00,MANTER: Similaridade muito baixa (28.4%). Mantém como patrimônio.
7.01 BAURU,749968,PARAFUSADEIRA/FURADEIRA PROFISSIONAL,FURADEIRA,35.3%,2006-06-30 00:00:00,MANTER: Baixa similaridade (35.3%) com consumível 'FURADEIRA...'. Provavelmente corretamente classificado.
7.01 BAURU,823399,CHUVEIRO DE EMERGÊNCIA E LAVA-OLHOS - AVLIS,PLACA PVC CHUVEIRO/ LAVA OLHOS 30X20cm,41.6%,2008-02-08 00:00:00,AVALIAR: Similaridade moderada (41.6%) com consumível 'PLACA PVC CHUVEIRO/ LAVA OLHOS 30X20cm...'. Possível reclassificação.
7.90 JAÚ,1234261,DESFIBRILADOR EXT. AUTOMÁTICO C/FEEDBACK,PÁS P/DESFIBRILADOR AUTOMÁTICO ADULTO,43.9%,2020-03-18 00:00:00,AVALIAR: Similaridade moderada (43.9%) com consumível 'PÁS P/DESFIBRILADOR AUTOMÁTICO ADULTO...'. Possível reclassificação.
7.90 JAÚ,968750,DESFIBRILADOR EXT.AUTOMÁTICO/HEARTSINE,PÁS P/DESFIBRILADOR AUTOMÁTICO ADULTO,44.9%,2010-12-10 00:00:00,AVALIAR: Similaridade moderada (44.9%) com consumível 'PÁS P/DESFIBRILADOR AUTOMÁTICO ADULTO...'. Possível reclassificação.
7.91 BOTUCATU,967228,DESFIBRILADOR EXT.AUTOMÁTICO /HEARTSINE,PÁS P/DESFIBRILADOR AUTOMÁTICO ADULTO,44.9%,2010-12-13 00:00:00,AVALIAR: Similaridade moderada (44.9%) com consumível 'PÁS P/DESFIBRILADOR AUTOMÁTICO ADULTO...'. Possível reclassificação.
7.91 BOTUCATU,1286519,DOSÍMETRO - MEDIDOR DE DOSE DE RUÍDO,MEDIDOR DE DISCO DE FREIO,32.0%,2023-12-28 00:00:00,MANTER: Baixa similaridade (32.0%) com consumível 'MEDIDOR DE DISCO DE FREIO...'. Provavelmente corretamente classificado.
7.91 BOTUCATU,1207753,CADEIRA DE RODAS C/APOIO P/PERNAS/ JAGUARIBE,PEDAL APOIO PÉS PLÁST. P/CADEIRA RODAS,36.0%,2018-07-13 00:00:00,MANTER: Baixa similaridade (36.0%) com consumível 'PEDAL APOIO PÉS PLÁST. P/CADEIRA RODAS...'. Provavelmente corretamente classificado.
7.91 BOTUCATU,1204475,MACA P/RESGATE EM POLIETILENO/ VNO,MACA P/RESGATE DE POLIETILENO,79.6%,2018-03-22 00:00:00,RECLASSIFICAR: Alta similaridade (79.6%) com consumível 'MACA P/RESGATE DE POLIETILENO...'. Forte indicação de má classificação.
7.91 BOTUCATU,1204476,MACA P/RESGATE EM POLIETILENO/ VNO,MACA P/RESGATE DE POLIETILENO,79.6%,2018-03-22 00:00:00,RECLASSIFICAR: Alta similaridade (79.6%) com consumível 'MACA P/RESGATE DE POLIETILENO...'. Forte indicação de má classificação.
7.91 BOTUCATU,1204477,MACA P/RESGATE EM POLIETILENO/ VNO,MACA P/RESGATE DE POLIETILENO,79.6%,2018-03-22 00:00:00,RECLASSIFICAR: Alta similaridade (79.6%) com consumível 'MACA P/RESGATE DE POLIETILENO...'. Forte indicação de má classificação.
7.91 BOTUCATU,1234224,DESFIBRILADOR EXT. AUTOMÁTICO C/FEEDBACK,PÁS P/DESFIBRILADOR AUTOMÁTICO ADULTO,43.9%,2020-03-16 00:00:00,AVALIAR: Similaridade moderada (43.9%) com consumível 'PÁS P/DESFIBRILADOR AUTOMÁTICO ADULTO...'. Possível reclassificação.
7.91 BOTUCATU,1204474,MACA P/RESGATE EM POLIETILENO/ VNO,MACA P/RESGATE DE POLIETILENO,79.6%,2018-03-22 00:00:00,RECLASSIFICAR: Alta similaridade (79.6%) com consumível 'MACA P/RESGATE DE POLIETILENO...'. Forte indicação de má classificação.
7.92 LENÇÓIS PAULISTA,1234257,DESFIBRILADOR EXT. AUTOMÁTICO C/FEEDBACK,PÁS P/DESFIBRILADOR AUTOMÁTICO ADULTO,43.9%,2020-03-18 00:00:00,AVALIAR: Similaridade moderada (43.9%) com consumível 'PÁS P/DESFIBRILADOR AUTOMÁTICO ADULTO...'. Possível reclassificação.
7.92 LENÇÓIS PAULISTA,1286510,DESFIBRILADOR EXT. AUTOMÁTICO C/FEEDBAC,PÁS P/DESFIBRILADOR AUTOMÁTICO ADULTO,44.1%,2023-12-28 00:00:00,AVALIAR: Similaridade moderada (44.1%) com consumível 'PÁS P/DESFIBRILADOR AUTOMÁTICO ADULTO...'. Possível reclassificação.
7.92 LENÇÓIS PAULISTA,966901,DESFIBRILADOR EXT.AUTOMÁTICO / HEARTSINE,PÁS P/DESFIBRILADOR AUTOMÁTICO ADULTO,44.9%,2010-12-10 00:00:00,AVALIAR: Similaridade moderada (44.9%) com consumível 'PÁS P/DESFIBRILADOR AUTOMÁTICO ADULTO...'. Possível reclassificação.
7.94 OURINHOS,1234303,DESFIBRILADOR EXT. AUTOMÁTICO C/FEEDBACK,PÁS P/DESFIBRILADOR AUTOMÁTICO ADULTO,43.9%,2020-03-09 00:00:00,AVALIAR: Similaridade moderada (43.9%) com consumível 'PÁS P/DESFIBRILADOR AUTOMÁTICO ADULTO...'. Possível reclassificação.
8.01 SÃO JOSÉ DO RIO PRETO,1235345,DESFIBRILADOR EXT. AUTOMÁTICO C/FEEDBACK,PÁS P/DESFIBRILADOR AUTOMÁTICO ADULTO,43.9%,2020-06-02 00:00:00,AVALIAR: Similaridade moderada (43.9%) com consumível 'PÁS P/DESFIBRILADOR AUTOMÁTICO ADULTO...'. Possível reclassificação.
8.01 SÃO JOSÉ DO RIO PRETO,967236,"DESFIBRILADOR EXT, AUTOMÁTICO HEARTSINE",PÁS P/DESFIBRILADOR AUTOMÁTICO ADULTO,44.9%,2010-08-14 00:00:00,AVALIAR: Similaridade moderada (44.9%) com consumível 'PÁS P/DESFIBRILADOR AUTOMÁTICO ADULTO...'. Possível reclassificação.
8.50 VOTUPORANGA,968409,DESFIBRILADOR EXT.AUTOMÁTICO/HEARTSINE,PÁS P/DESFIBRILADOR AUTOMÁTICO ADULTO,44.9%,2010-12-10 00:00:00,AVALIAR: Similaridade moderada (44.9%) com consumível 'PÁS P/DESFIBRILADOR AUTOMÁTICO ADULTO...'. Possível reclassificação.
8.50 VOTUPORANGA,1171619,CADEIRA DE RODAS C/APOIO P/PERNAS/ JAGUARIBE,PEDAL APOIO PÉS PLÁST. P/CADEIRA RODAS,36.0%,2016-08-29 00:00:00,MANTER: Baixa similaridade (36.0%) com consumível 'PEDAL APOIO PÉS PLÁST. P/CADEIRA RODAS...'. Provavelmente corretamente classificado.
8.50 VOTUPORANGA,1234304,DESFIBRILADOR EXT. AUTOMÁTICO C/FEEDBACK,PÁS P/DESFIBRILADOR AUTOMÁTICO ADULTO,43.9%,2020-03-20 00:00:00,AVALIAR: Similaridade moderada (43.9%) com consumível 'PÁS P/DESFIBRILADOR AUTOMÁTICO ADULTO...'. Possível reclassificação.
8.90 MIRASSOL,1234305,DESFIBRILADOR EXT. AUTOMÁTICO C/FEEDBACK,PÁS P/DESFIBRILADOR AUTOMÁTICO ADULTO,43.9%,2020-03-20 00:00:00,AVALIAR: Similaridade moderada (43.9%) com consumível 'PÁS P/DESFIBRILADOR AUTOMÁTICO ADULTO...'. Possível reclassificação.
8.90 MIRASSOL,966828,DESFIBRILADOR EXT.AUTOMÁTICO/HEARTSINE,PÁS P/DESFIBRILADOR AUTOMÁTICO ADULTO,44.9%,2010-12-09 00:00:00,AVALIAR: Similaridade moderada (44.9%) com consumível 'PÁS P/DESFIBRILADOR AUTOMÁTICO ADULTO...'. Possível reclassificação.
9.01 ARAÇATUBA,1234383,DESFIBRILADOR EXT. AUTOMÁTICO C/FEEDBACK,PÁS P/DESFIBRILADOR AUTOMÁTICO ADULTO,43.9%,2020-03-30 00:00:00,AVALIAR: Similaridade moderada (43.9%) com consumível 'PÁS P/DESFIBRILADOR AUTOMÁTICO ADULTO...'. Possível reclassificação.
9.01 ARAÇATUBA,1356860,CADEIRA DE RODAS C/APOIO P/PERNAS,PEDAL APOIO PÉS PLÁST. P/CADEIRA RODAS,41.1%,2025-06-11 00:00:00,AVALIAR: Similaridade moderada (41.1%) com consumível 'PEDAL APOIO PÉS PLÁST. P/CADEIRA RODAS...'. Possível reclassificação.
9.14 PRESIDENTE PRUDENTE,1234288,DESFIBRILADOR EXT. AUTOMÁTICO C/FEEDBACK,PÁS P/DESFIBRILADOR AUTOMÁTICO ADULTO,43.9%,2020-03-19 00:00:00,AVALIAR: Similaridade moderada (43.9%) com consumível 'PÁS P/DESFIBRILADOR AUTOMÁTICO ADULTO...'. Possível reclassificação.
9.14 PRESIDENTE PRUDENTE,721397,ESTUFA DE ESTERILIZACAO E SECAGEM,RESISTÊNCIA DA ESTUFA DE SECAGEM,50.7%,2004-06-30 00:00:00,AVALIAR: Similaridade moderada (50.7%) com consumível 'RESISTÊNCIA DA ESTUFA DE SECAGEM...'. Possível reclassificação.
9.27 MARÍLIA,1234284,DESFIBRILADOR EXT. AUTOMÁTICO C/FEEDBACK,PÁS P/DESFIBRILADOR AUTOMÁTICO ADULTO,43.9%,2020-03-20 00:00:00,AVALIAR: Similaridade moderada (43.9%) com consumível 'PÁS P/DESFIBRILADOR AUTOMÁTICO ADULTO...'. Possível reclassificação.
9.28 POMPÉIA,1287181,DESFIBRILADOR EXT. AUTOMÁTICO C/FEEDBAC,PÁS P/DESFIBRILADOR AUTOMÁTICO ADULTO,44.1%,2023-12-29 00:00:00,AVALIAR: Similaridade moderada (44.1%) com consumível 'PÁS P/DESFIBRILADOR AUTOMÁTICO ADULTO...'. Possível reclassificação.
9.28 POMPÉIA,1128782,DESFIBRILADOR EXTERNO AUTOMÁTICO/HEARTSINE,PÁS P/DESFIBRILADOR AUTOMÁTICO ADULTO,43.8%,2014-10-21 00:00:00,AVALIAR: Similaridade moderada (43.8%) com consumível 'PÁS P/DESFIBRILADOR AUTOMÁTICO ADULTO...'. Possível reclassificação.
9.90 BIRIGUI,1234263,DESFIBRILADOR EXT. AUTOMÁTICO C/FEEDBACK,PÁS P/DESFIBRILADOR AUTOMÁTICO ADULTO,43.9%,2020-03-09 00:00:00,AVALIAR: Similaridade moderada (43.9%) com consumível 'PÁS P/DESFIBRILADOR AUTOMÁTICO ADULTO...'. Possível reclassificação.
ALMOXARIFADO CENTRAL SENAI,1074988,DESFIBRILADOR EXT. AUTOM. / SAMARITAN,PÁS P/DESFIBRILADOR AUTOMÁTICO ADULTO,28.9%,2013-07-31 00:00:00,MANTER: Similaridade muito baixa (28.9%). Mantém como patrimônio.
ALMOXARIFADO CENTRAL SENAI,1143541,DESFIBRILADOR EXTERNO AUTOMÁTICO/HEART SINE,PÁS P/DESFIBRILADOR AUTOMÁTICO ADULTO,40.2%,2015-08-24 00:00:00,AVALIAR: Similaridade moderada (40.2%) com consumível 'PÁS P/DESFIBRILADOR AUTOMÁTICO ADULTO...'. Possível reclassificação.
ALMOXARIFADO CENTRAL SENAI,1143542,DESFIBRILADOR EXTERNO AUTOMÁTICO/HEART SINE,PÁS P/DESFIBRILADOR AUTOMÁTICO ADULTO,40.2%,2015-08-24 00:00:00,AVALIAR: Similaridade moderada (40.2%) com consumível 'PÁS P/DESFIBRILADOR AUTOMÁTICO ADULTO...'. Possível reclassificação.
ALMOXARIFADO CENTRAL SENAI,1219907,DESFIBRILADOR EXTERNO AUTOMÁTICO/ SAMARITAN,PÁS P/DESFIBRILADOR AUTOMÁTICO ADULTO,43.8%,2019-04-03 00:00:00,AVALIAR: Similaridade moderada (43.8%) com consumível 'PÁS P/DESFIBRILADOR AUTOMÁTICO ADULTO...'. Possível reclassificação.
ALMOXARIFADO CENTRAL SENAI,965336,DESFIBRILADOR EXT. AUTOMATICO HEARSINE,PÁS P/DESFIBRILADOR AUTOMÁTICO ADULTO,44.4%,2010-12-09 00:00:00,AVALIAR: Similaridade moderada (44.4%) com consumível 'PÁS P/DESFIBRILADOR AUTOMÁTICO ADULTO...'. Possível reclassificação.
ALMOXARIFADO CENTRAL SENAI,965561,DESFIBRILADOR EXT. AUTOMÁTICO HEARTSINE,PÁS P/DESFIBRILADOR AUTOMÁTICO ADULTO,44.9%,2010-12-08 00:00:00,AVALIAR: Similaridade moderada (44.9%) com consumível 'PÁS P/DESFIBRILADOR AUTOMÁTICO ADULTO...'. Possível reclassificação.
ALMOXARIFADO CENTRAL SENAI,965569,DESFIBRILADOR EXT. AUTOMÁTICO/HEART SINE,PÁS P/DESFIBRILADOR AUTOMÁTICO ADULTO,41.3%,2010-12-09 00:00:00,AVALIAR: Similaridade moderada (41.3%) com consumível 'PÁS P/DESFIBRILADOR AUTOMÁTICO ADULTO...'. Possível reclassificação.
ALMOXARIFADO CENTRAL SENAI,965985,DESFIBRILADOR EXT.AUTOMÁTICO / HEARTSINE,PÁS P/DESFIBRILADOR AUTOMÁTICO ADULTO,44.9%,2010-12-09 00:00:00,AVALIAR: Similaridade moderada (44.9%) com consumível 'PÁS P/DESFIBRILADOR AUTOMÁTICO ADULTO...'. Possível reclassificação.
ALMOXARIFADO CENTRAL SENAI,966211,DESFIBRILADOR EXT.AUTOMÁTICO/HEARTSINE,PÁS P/DESFIBRILADOR AUTOMÁTICO ADULTO,44.9%,2010-12-10 00:00:00,AVALIAR: Similaridade moderada (44.9%) com consumível 'PÁS P/DESFIBRILADOR AUTOMÁTICO ADULTO...'. Possível reclassificação.
ALMOXARIFADO CENTRAL SENAI,966315,DESFIBRILADOR EXT. AUTOMÁTICO /HEARTSINE,PÁS P/DESFIBRILADOR AUTOMÁTICO ADULTO,44.9%,2010-12-09 00:00:00,AVALIAR: Similaridade moderada (44.9%) com consumível 'PÁS P/DESFIBRILADOR AUTOMÁTICO ADULTO...'. Possível reclassificação.
ALMOXARIFADO CENTRAL SENAI,966726,DESFIBRILADOR EXT.AUTOMÁTICO HEARTSINE,PÁS P/DESFIBRILADOR AUTOMÁTICO ADULTO,44.9%,2010-12-09 00:00:00,AVALIAR: Similaridade moderada (44.9%) com consumível 'PÁS P/DESFIBRILADOR AUTOMÁTICO ADULTO...'. Possível reclassificação.
ALMOXARIFADO CENTRAL SENAI,966805,DESFIBRILADOR EXT.AUTOMÁTICO/HEARTSINE,PÁS P/DESFIBRILADOR AUTOMÁTICO ADULTO,44.9%,2010-12-09 00:00:00,AVALIAR: Similaridade moderada (44.9%) com consumível 'PÁS P/DESFIBRILADOR AUTOMÁTICO ADULTO...'. Possível reclassificação.
ALMOXARIFADO CENTRAL SENAI,966855,DESFIBRILADOR EXT.AUTOMÁTICO/HEARTSINE,PÁS P/DESFIBRILADOR AUTOMÁTICO ADULTO,44.9%,2010-12-14 00:00:00,AVALIAR: Similaridade moderada (44.9%) com consumível 'PÁS P/DESFIBRILADOR AUTOMÁTICO ADULTO...'. Possível reclassificação.
ALMOXARIFADO CENTRAL SENAI,966875,DESFIBRILADOR EXT.AUTOMÁTICO/HEARTSINE,PÁS P/DESFIBRILADOR AUTOMÁTICO ADULTO,44.9%,2010-12-09 00:00:00,AVALIAR: Similaridade moderada (44.9%) com consumível 'PÁS P/DESFIBRILADOR AUTOMÁTICO ADULTO...'. Possível reclassificação.
ALMOXARIFADO CENTRAL SENAI,966948,DESFIBRILADOR EXT.AUTOMÁTICO /HEARTSINE,PÁS P/DESFIBRILADOR AUTOMÁTICO ADULTO,44.9%,2010-12-13 00:00:00,AVALIAR: Similaridade moderada (44.9%) com consumível 'PÁS P/DESFIBRILADOR AUTOMÁTICO ADULTO...'. Possível reclassificação.
ALMOXARIFADO CENTRAL SENAI,966949,DESFIBRILADOR EXT.AUTOMÁTICO /HEARTSINE,PÁS P/DESFIBRILADOR AUTOMÁTICO ADULTO,44.9%,2010-12-13 00:00:00,AVALIAR: Similaridade moderada (44.9%) com consumível 'PÁS P/DESFIBRILADOR AUTOMÁTICO ADULTO...'. Possível reclassificação.
ALMOXARIFADO CENTRAL SENAI,967189,DESFIBRILADOR EXT.AUTOMÁTICO /HEARTSINE,PÁS P/DESFIBRILADOR AUTOMÁTICO ADULTO,44.9%,2010-12-10 00:00:00,AVALIAR: Similaridade moderada (44.9%) com consumível 'PÁS P/DESFIBRILADOR AUTOMÁTICO ADULTO...'. Possível reclassificação.
ALMOXARIFADO CENTRAL SENAI,967192,DESFIBRILADOR EXT.AUTOMÁTICO/HEARTSINE,PÁS P/DESFIBRILADOR AUTOMÁTICO ADULTO,44.9%,2010-12-13 00:00:00,AVALIAR: Similaridade moderada (44.9%) com consumível 'PÁS P/DESFIBRILADOR AUTOMÁTICO ADULTO...'. Possível reclassificação.
ALMOXARIFADO CENTRAL SENAI,967232,DESFIBRILADOR EXT.AUTOMÁTICO/HEARTSINE,PÁS P/DESFIBRILADOR AUTOMÁTICO ADULTO,44.9%,2010-12-13 00:00:00,AVALIAR: Similaridade moderada (44.9%) com consumível 'PÁS P/DESFIBRILADOR AUTOMÁTICO ADULTO...'. Possível reclassificação.
ALMOXARIFADO CENTRAL SENAI,967237,DESFIBRILADOR EXT. AUTOMÁTICO HEARTSINE,PÁS P/DESFIBRILADOR AUTOMÁTICO ADULTO,44.9%,2010-08-14 00:00:00,AVALIAR: Similaridade moderada (44.9%) com consumível 'PÁS P/DESFIBRILADOR AUTOMÁTICO ADULTO...'. Possível reclassificação.
ALMOXARIFADO CENTRAL SENAI,967272,"DESFIBRILADOR EXT, AUTOMÁTICO HEARTSINE",PÁS P/DESFIBRILADOR AUTOMÁTICO ADULTO,44.9%,2010-08-14 00:00:00,AVALIAR: Similaridade moderada (44.9%) com consumível 'PÁS P/DESFIBRILADOR AUTOMÁTICO ADULTO...'. Possível reclassificação.
ALMOXARIFADO CENTRAL SENAI,967307,DESFIBRILADOR EXT. AUTOMÁTICO HEARTSINE,PÁS P/DESFIBRILADOR AUTOMÁTICO ADULTO,44.9%,2010-08-10 00:00:00,AVALIAR: Similaridade moderada (44.9%) com consumível 'PÁS P/DESFIBRILADOR AUTOMÁTICO ADULTO...'. Possível reclassificação.
ALMOXARIFADO CENTRAL SENAI,967360,DESFIBRILADOR EXT. AUTOMÁTICO HEARTSINE,PÁS P/DESFIBRILADOR AUTOMÁTICO ADULTO,44.9%,2010-08-09 00:00:00,AVALIAR: Similaridade moderada (44.9%) com consumível 'PÁS P/DESFIBRILADOR AUTOMÁTICO ADULTO...'. Possível reclassificação.
ALMOXARIFADO CENTRAL SENAI,967728,DESFIBRILADOR EXT.AUTOMÁTICO/HEARTSINE,PÁS P/DESFIBRILADOR AUTOMÁTICO ADULTO,44.9%,2010-12-17 00:00:00,AVALIAR: Similaridade moderada (44.9%) com consumível 'PÁS P/DESFIBRILADOR AUTOMÁTICO ADULTO...'. Possível reclassificação.
ALMOXARIFADO CENTRAL SENAI,967791,DESFIBRILADOR EXT.AUTOMÁTICO/HEARTSINE,PÁS P/DESFIBRILADOR AUTOMÁTICO ADULTO,44.9%,2010-12-10 00:00:00,AVALIAR: Similaridade moderada (44.9%) com consumível 'PÁS P/DESFIBRILADOR AUTOMÁTICO ADULTO...'. Possível reclassificação.
ALMOXARIFADO CENTRAL SENAI,968228,DESFIBRILADOR EXT.AUTOMÁTICO/HEARTSINE,PÁS P/DESFIBRILADOR AUTOMÁTICO ADULTO,44.9%,2010-12-10 00:00:00,AVALIAR: Similaridade moderada (44.9%) com consumível 'PÁS P/DESFIBRILADOR AUTOMÁTICO ADULTO...'. Possível reclassificação.
SENAI SEDE,966998,DESFIBRILADOR EXT.AUTOMÁTICO /HEARTSINE,PÁS P/DESFIBRILADOR AUTOMÁTICO ADULTO,44.9%,2010-12-13 00:00:00,AVALIAR: Similaridade moderada (44.9%) com consumível 'PÁS P/DESFIBRILADOR AUTOMÁTICO ADULTO...'. Possível reclassificação.
SENAI SEDE,967439,DESFIBRILADOR EXT.AUTOMÁTICO/HEARTSINE,PÁS P/DESFIBRILADOR AUTOMÁTICO ADULTO,44.9%,2010-08-15 00:00:00,AVALIAR: Similaridade moderada (44.9%) com consumível 'PÁS P/DESFIBRILADOR AUTOMÁTICO ADULTO...'. Possível reclassificação.
SENAI SEDE,508313,JG LARINGOSCOPIO C/3 LAM K TAKAOKA,"CANTONEIRA ALUMÍNIO LAM. 7/8"" X 1/8""",24.7%,1991-10-31 00:00:00,MANTER: Similaridade muito baixa (24.7%). Mantém como patrimônio.
SENAI SEDE,965406,DESFIBRILADOR EXT. AUTOMÁTICO HEARTSINE,PÁS P/DESFIBRILADOR AUTOMÁTICO ADULTO,44.9%,2010-12-09 00:00:00,AVALIAR: Similaridade moderada (44.9%) com consumível 'PÁS P/DESFIBRILADOR AUTOMÁTICO ADULTO...'. Possível reclassificação.
SENAI SEDE,965480,DESFIBRILADOR EXT.AUTOMÁTICO HEARTSINE,PÁS P/DESFIBRILADOR AUTOMÁTICO ADULTO,44.9%,2010-12-08 00:00:00,AVALIAR: Similaridade moderada (44.9%) com consumível 'PÁS P/DESFIBRILADOR AUTOMÁTICO ADULTO...'. Possível reclassificação.
SENAI SEDE,965590,DESFIBRILADOR EXT.AUTOMÁTICO / HEART SINE,PÁS P/DESFIBRILADOR AUTOMÁTICO ADULTO,41.3%,2010-12-08 00:00:00,AVALIAR: Similaridade moderada (41.3%) com consumível 'PÁS P/DESFIBRILADOR AUTOMÁTICO ADULTO...'. Possível reclassificação.
SENAI SEDE,965866,DESFIBRILADOR EXT.AUTOMÁTICO/HEARTSINE,PÁS P/DESFIBRILADOR AUTOMÁTICO ADULTO,44.9%,2010-12-09 00:00:00,AVALIAR: Similaridade moderada (44.9%) com consumível 'PÁS P/DESFIBRILADOR AUTOMÁTICO ADULTO...'. Possível reclassificação.
SENAI SEDE,966189,DESFIBRILADOR EXT. AUTOMÁTICO/HEARTSINE,PÁS P/DESFIBRILADOR AUTOMÁTICO ADULTO,44.9%,2010-12-09 00:00:00,AVALIAR: Similaridade moderada (44.9%) com consumível 'PÁS P/DESFIBRILADOR AUTOMÁTICO ADULTO...'. Possível reclassificação.
SENAI SEDE,966317,DESFIBRILADOR EXT. AUTOMÁTICO/HEARTSINE,PÁS P/DESFIBRILADOR AUTOMÁTICO ADULTO,44.9%,2010-12-08 00:00:00,AVALIAR: Similaridade moderada (44.9%) com consumível 'PÁS P/DESFIBRILADOR AUTOMÁTICO ADULTO...'. Possível reclassificação.
SENAI SEDE,967165,DESFIBRILADOR EXT.AUTOMÁTICO/HEARTSINE,PÁS P/DESFIBRILADOR AUTOMÁTICO ADULTO,44.9%,2010-12-10 00:00:00,AVALIAR: Similaridade moderada (44.9%) com consumível 'PÁS P/DESFIBRILADOR AUTOMÁTICO ADULTO...'. Possível reclassificação.
SENAI SEDE,968485,DESFIBRILADOR EXT.AUTOMÁTICO/HEARTSINE,PÁS P/DESFIBRILADOR AUTOMÁTICO ADULTO,44.9%,2010-12-07 00:00:00,AVALIAR: Similaridade moderada (44.9%) com consumível 'PÁS P/DESFIBRILADOR AUTOMÁTICO ADULTO...'. Possível reclassificação.
